Ad account,Currency,Reporting starts,Reporting ends,Campaign name,Campaign delivery,Attribution setting,Results,Result indicator,Reach,Frequency,Cost per results,Ad set budget,Ad set budget type,Amount spent,Ends,Impressions,CPM,Link clicks,shop_clicks,CPC (link click),CTR (link click-through rate),Clicks (all),CTR (all),CPC (all),Landing page views,Cost per landing page view,Results (initial),Results (initial) indicator
Boogie-T,USD,2023-07-04,2026-08-04,"BOOGIE T.RIO - ""Live From Spring Adventure"" Release (Boogie T Page)",completed,7-day click or 1-day view,3331,video_thruplay_watched_actions,26241,1.48146,0.04503152,Using ad set budget,0,150,2023-09-27,38875,3.858521,254,,0.590551,0.653376,1393,3.58328,0.107681,1,150,,
Boogie-T,USD,2023-07-04,2026-08-04,"BOOGIE T.RIO - ""Live From Spring Adventure"" Release (Boogie T.rio Page) - Copy",completed,7-day click or 1-day view,1886,video_thruplay_watched_actions,10935,1.341198,0.05301697,Using ad set budget,0,99.99,2023-09-27,14666,6.81781,61,,1.63918,0.415928,304,2.072821,0.328914,,,,
Boogie-T,USD,2023-07-04,2026-08-04,Boogie T.rio - Live Album (Boost),completed,7-day click or 1-day view,10323,actions:post_engagement,17463,1.672049,0.00968711,Using ad set budget,0,100,2023-09-28,29199,3.424775,232,,0.431034,0.794548,953,3.26381,0.104932,,,,
Boogie-T,USD,2023-07-04,2026-08-04,Boogie T x Skellytn - Choppa Release (Awareness),completed,7-day click or 1-day view,12477,video_thruplay_watched_actions,51710,1.464108,0.02003607,250,Lifetime,249.99,2025-01-02,75709,3.301985,151,,1.655563,0.199448,1907,2.518855,0.131091,124,2.016048,,
Boogie-T,USD,2023-07-04,2026-08-04,Boogie T x Izzy Vadim - Psych Release (Awareness),completed,7-day click or 1-day view,26960,video_thruplay_watched_actions,63671,1.469978,0.01298108,350,Lifetime,349.97,2025-03-31,93595,3.739195,492,,0.711321,0.525669,2692,2.876222,0.130004,422,0.829313,,
Boogie-T,USD,2023-07-04,2026-08-04,Boogie T & ill.Gates - WhatUWant EP (Awareness),completed,7-day click or 1-day view,15064,video_thruplay_watched_actions,54738,1.407103,0.01658922,250,Lifetime,249.9,2025-08-12,77022,3.244528,117,,2.135897,0.151905,1709,2.218847,0.146226,49,5.1,,
Boogie-T,USD,2023-07-04,2026-08-04,Boogie T x Mr. Bill - StepBroStep EP,completed,7-day click or 1-day view,8286,video_thruplay_watched_actions,42473,1.318626,0.03015568,250,Lifetime,249.87,2025-09-22,56006,4.461486,91,,2.745824,0.162483,887,1.583759,0.281702,40,6.24675,,
Boogie-T,USD,2023-07-04,2026-08-04,Boogie T - Lotis Eater (Awareness),completed,7-day click or 1-day view,10628,video_thruplay_watched_actions,38055,2.166627,0.02349925,250,Lifetime,249.75,2026-02-27,82451,3.029072,112,,2.229911,0.135838,1520,1.843519,0.164309,64,3.902344,,
Boogie-T,USD,2023-07-04,2026-08-04,Boogie T - Walk With Giants EP,completed,7-day click or 1-day view,12611,video_thruplay_watched_actions,54120,1.376681,0.01978114,250,Lifetime,249.46,2026-03-27,74506,3.348187,113,,2.207611,0.151666,1317,1.767643,0.189415,50,4.9892,,
Boogie-T,USD,2023-07-04,2026-08-04,Boogie T - Steppin (Traffic),completed,7-day click or 1-day view,2438,actions:omni_landing_page_view,25266,1.400222,0.10221083,250,Lifetime,249.19,2026-07-03,35378,7.043643,2638,,0.094462,7.456611,3804,10.752445,0.065507,2438,0.102211,,
Borgore,USD,2023-07-04,2026-08-04,Borgore - Artificial Dubstep Release (Video Views),completed,7-day click or 1-day view,11243,video_thruplay_watched_actions,67242,1.856622,0.04447212,Using ad set budget,0,500,2023-10-06,124843,4.00503,447,,1.118568,0.35805,2128,1.704541,0.234962,,,,
Borgore,USD,2023-07-04,2026-08-04,Borgore - Abracadabra Release (Video Views),completed,7-day click or 1-day view,22969,video_thruplay_watched_actions,84910,1.763773,0.04353694,Using ad set budget,0,1000,2023-12-01,149762,6.677261,441,,2.267574,0.294467,1535,1.02496,0.651466,345,2.898551,,
Borgore,USD,2023-07-04,2026-08-04,Borgore - DISSOCIATED (Video Views),completed,7-day click or 1-day view,11246,video_thruplay_watched_actions,36788,1.862727,0.04446025,Using ad set budget,0,500,2024-02-16,68526,7.296501,236,,2.118644,0.344395,1128,1.646091,0.443262,163,3.067485,,
Borgore,USD,2023-07-04,2026-08-04,Borgore - SAD B*TCH (Video Views),not_delivering,7-day click or 1-day view,5457,video_thruplay_watched_actions,29672,2.631471,0.04581272,Using ad set budget,0,250,2024-03-01,78081,3.201803,369,,0.677507,0.472586,1849,2.368054,0.135208,293,0.853242,,
Borgore,USD,2023-07-04,2026-08-04,Borgore - Mucho Ca$h (Video Views),completed,7-day click or 1-day view,38253,video_thruplay_watched_actions,137803,1.601395,0.03084725,Using ad set budget,0,1180,2024-03-18,220677,5.347182,587,,2.010221,0.266,2908,1.317763,0.405777,46,25.652174,,
Borgore,USD,2023-07-04,2026-08-04,Borgore - Chiaroscuro Release (Video Views),completed,7-day click or 1-day view,55466,video_thruplay_watched_actions,193936,1.780211,0.02704359,Using ad set budget,0,1500,2024-04-12,345247,4.344716,1329,,1.128668,0.384942,4205,1.217969,0.356718,770,1.948052,,
Borgore,USD,2023-07-04,2026-08-04,Borgore - FIND SOMEONE Release (Awareness),inactive,7-day click or 1-day view,,,0,0,,500,Lifetime,0,2024-10-30,0,0,,,,,0,0,0,,,,
Borgore,USD,2023-07-04,2026-08-04,NIHILISM - FUCK EVERYONE (Boost),not_delivering,-,,,0,0,,500,Lifetime,0,1969-12-31,0,0,,,,,0,0,0,,,,
Borgore,USD,2023-07-04,2026-08-04,"Post: ""FUCK EVERYONE🖕""",completed,7-day click or 1-day view,,,0,0,,250,Lifetime,0,2025-01-31,0,0,,,,,0,0,0,,,,
Borgore,USD,2023-07-04,2026-08-04,Borgore - TORN UP Release (Traffic),completed,7-day click or 1-day view,1324,actions:link_click,14745,1.442523,0.1888142,250,Lifetime,249.99,2025-12-22,21270,11.753173,1324,,0.188814,6.22473,2080,9.779032,0.120188,1116,0.224005,,
Enamour,USD,2023-07-04,2026-08-04,Instagram post: Close (Enamour Remix) OUT THIS...,inactive,7-day click or 1-day view,3,actions:link_click,215,1.027907,1.66333333,5,Lifetime,4.99,2023-11-27,221,22.579186,3,,1.663333,1.357466,3,1.357466,1.663333,,,,
Enamour,USD,2023-07-04,2026-08-04,Instagram post: I first debuted Is This Your...,completed,7-day click or 1-day view,25,actions:link_click,873,1.057274,0.476,12,Lifetime,11.9,2025-03-27,923,12.892741,25,,0.476,2.708559,25,2.708559,0.476,,,,
Enamour,USD,2023-07-04,2026-08-04,Instagram post: My remix of Let Me See You is OUT...,completed,7-day click or 1-day view,49,actions:link_click,1247,1.085806,0.30530612,15,Lifetime,14.96,2025-04-02,1354,11.048744,49,,0.305306,3.618907,49,3.618907,0.305306,,,,
Enamour,USD,2023-07-04,2026-08-04,"Instagram post: Final master submitted ✅
Sunday...",completed,7-day click or 1-day view,21,actions:link_click,984,1.052846,0.56904762,12,Lifetime,11.95,2025-04-05,1036,11.534749,21,,0.569048,2.027027,21,2.027027,0.569048,,,,
Enamour,USD,2023-07-04,2026-08-04,Instagram post: Giving COLLIDER a whole new life...,completed,7-day click or 1-day view,105,actions:link_click,1995,1.090226,0.15161905,16,Lifetime,15.92,2025-04-06,2175,7.31954,105,,0.151619,4.827586,110,5.057471,0.144727,,,,
Enamour,USD,2023-07-04,2026-08-04,Instagram post: My remix of Let Me See You is OUT...,completed,7-day click or 1-day view,29,actions:link_click,828,1.113527,0.41310345,12,Lifetime,11.98,2025-04-11,922,12.993492,29,,0.413103,3.145336,29,3.145336,0.413103,,,,
Enamour,USD,2023-07-04,2026-08-04,Instagram post: Giving COLLIDER a whole new life...,completed,7-day click or 1-day view,62,actions:link_click,1157,1.081245,0.19274194,12,Lifetime,11.95,2025-04-26,1251,9.552358,62,,0.192742,4.956035,61,4.876099,0.195902,1,11.95,,
Enamour,USD,2023-07-04,2026-08-04,Instagram post: My remix of Let Me See You is OUT...,completed,7-day click or 1-day view,47,actions:link_click,1159,1.081967,0.25510638,12,Lifetime,11.99,2025-04-27,1254,9.561404,47,,0.255106,3.748006,49,3.907496,0.244694,1,11.99,,
Enamour,USD,2023-07-04,2026-08-04,Instagram post: I first debuted Is This Your...,archived,7-day click or 1-day view,6,actions:link_click,1612,1.010546,0.61166667,9,Lifetime,3.67,2025-05-07,1629,2.252916,6,,0.611667,0.368324,6,0.368324,0.611667,,,,
Enamour,USD,2023-07-04,2026-08-04,Instagram post: I first debuted Is This Your...,completed,7-day click or 1-day view,88,actions:link_click,4506,1.338881,0.10159091,9,Lifetime,8.94,2025-05-10,6033,1.48185,88,,0.101591,1.458644,89,1.47522,0.100449,,,,
Enamour,USD,2023-07-04,2026-08-04,Instagram post: My remix of Let Me See You is OUT...,completed,7-day click or 1-day view,44,actions:link_click,3225,1.117209,0.27159091,12,Lifetime,11.95,2025-05-11,3603,3.316681,44,,0.271591,1.221205,42,1.165695,0.284524,,,,
Enamour,USD,2023-07-04,2026-08-04,Instagram post: Let Me See You (Enamour Remix) is...,completed,7-day click or 1-day view,95,actions:link_click,6343,1.284723,0.12589474,12,Lifetime,11.96,2025-05-14,8149,1.467665,95,,0.125895,1.165787,90,1.10443,0.132889,,,,
Enamour,USD,2023-07-04,2026-08-04,Instagram post: One week into the release of my...,completed,7-day click or 1-day view,15,actions:link_click,2518,1.417792,0.8,12,Lifetime,12,2025-05-17,3570,3.361345,15,,0.8,0.420168,15,0.420168,0.8,,,,
Enamour,USD,2023-07-04,2026-08-04,Instagram post: One week into the release of my...,completed,7-day click or 1-day view,121,actions:link_click,18329,1.021332,0.0485124,5.87,Lifetime,5.87,2025-05-17,18720,0.313568,121,,0.048512,0.646368,119,0.635684,0.049328,1,5.87,,
Enamour,USD,2023-07-04,2026-08-04,Instagram post: I first debuted Is This Your...,completed,7-day click or 1-day view,41,actions:link_click,3483,1.127763,0.21804878,9,Lifetime,8.94,2025-06-10,3928,2.275967,41,,0.218049,1.043788,41,1.043788,0.218049,,,,
Enamour,USD,2023-07-04,2026-08-04,Instagram post: One week into the release of my...,completed,7-day click or 1-day view,32,actions:link_click,1698,1.356302,0.3740625,12,Lifetime,11.97,2025-06-22,2303,5.197568,32,,0.374063,1.389492,33,1.432914,0.362727,,,,
Enamour,USD,2023-07-04,2026-08-04,Instagram post: Bazaar is climbing the charts and...,archived,7-day click or 1-day view,,,1,1,,35,Lifetime,0,2026-01-06,1,0,,,,,0,0,0,,,,
Enamour,USD,2023-07-04,2026-08-04,Instagram post: Is This Your Card? In Bangladesh...,completed,7-day click or 1-day view,245,profile_visit_view,15896,1.384814,0.16297959,40,Lifetime,39.93,2026-01-11,22013,1.813928,248,,0.161008,1.126607,303,1.376459,0.131782,1,39.93,,
Enamour,USD,2023-07-04,2026-08-04,Instagram post: Bazaar is climbing the charts and...,completed,7-day click or 1-day view,181,profile_visit_view,13010,1.395311,0.19292818,35,Lifetime,34.92,2026-01-11,18153,1.923649,185,,0.188757,1.019115,217,1.195395,0.160922,,,,
Enamour,USD,2023-07-04,2026-08-04,Instagram post: out now: @imbermind - River of...,completed,7-day click or 1-day view,198,profile_visit_view,11772,1.555131,0.20151515,40,Lifetime,39.9,2026-01-31,18307,2.179494,207,,0.192754,1.130715,224,1.223576,0.178125,,,,
Enamour,USD,2023-07-04,2026-08-04,Instagram post: Is This Your Card? In Bangladesh...,completed,7-day click or 1-day view,161,profile_visit_view,5468,1.562911,0.18583851,30,Lifetime,29.92,2026-02-04,8546,3.501053,159,,0.188176,1.86052,165,1.930728,0.181333,,,,
Enamour,USD,2023-07-04,2026-08-04,Instagram post: out now: @imbermind - River of...,completed,7-day click or 1-day view,56,actions:visit_instagram_profile,19131,1.863206,0.71392857,40,Lifetime,39.98,2026-03-07,35645,1.121616,56,,0.713929,0.157105,62,0.173937,0.644839,,,,
Enamour,USD,2023-07-04,2026-08-04,Producers IG Boost 22/04/26 - Imbermind,completed,1-day click,765,profile_visit_view,18471,1.273023,0.03913725,Using ad set budget,0,29.94,2026-04-26,23514,1.273284,772,,0.038782,3.28315,867,3.687165,0.034533,,,,
Enamour,USD,2023-07-04,2026-08-04,DJs IG Boost 22/04/26 - RMX IGNITE,completed,1-day click,527,profile_visit_view,12606,1.215929,0.05656546,Using ad set budget,0,29.81,2026-04-26,15328,1.944807,523,,0.056998,3.412056,526,3.431628,0.056673,,,,
Enamour,USD,2023-07-04,2026-08-04,Producers IG Boost 30/04/26 - Imbermind,completed,-,914,profile_visit_view,24389,1.312108,0.04368709,Using ad set budget,0,39.93,2026-05-04,32001,1.247774,914,,0.043687,2.856161,1033,3.228024,0.038654,,,,
Enamour,USD,2023-07-04,2026-08-04,Producers IG Boost 13/05/26 - RMX Part 1,completed,1-day click,924,profile_visit_view,20513,1.203188,0.05587662,Using ad set budget,0,51.63,2026-05-17,24681,2.091893,921,,0.056059,3.731615,880,3.565496,0.05867,,,,
Enamour,USD,2023-07-04,2026-08-04,[intellijend] enamour - That's Just Jazz! Launch - Interest: Tech house,inactive,7-day click,298,actions:offsite_conversion.fb_pixel_view_content,13523,1.905938,0.31922819,Using ad set budget,0,95.13,2026-06-12,25774,3.690929,575,,0.165443,2.23093,662,2.56848,0.143701,516,0.18436,,
Enamour,USD,2023-07-04,2026-08-04,[intellijend] enamour - That's Just Jazz! Launch - Broad Targeting,inactive,7-day click,414,actions:offsite_conversion.fb_pixel_view_content,15190,1.837459,0.25415459,Using ad set budget,0,105.22,2026-06-12,27911,3.76984,641,,0.16415,2.296586,740,2.651284,0.142189,560,0.187893,,
Enamour,USD,2023-07-04,2026-08-04,"Instagram post: FREAK is out now 🔥
This one’s...",completed,7-day click or 1-day view,60,profile_visit_view,3477,1.280989,0.4975,30,Lifetime,29.85,2026-06-15,4454,6.701841,61,,0.489344,1.369555,62,1.392007,0.481452,,,,
Enamour,USD,2023-07-04,2026-08-04,FREAK Launch,inactive,7-day click or 1-day view,3724,actions:omni_landing_page_view,107197,1.296678,0.06051826,Using ad set budget,0,225.37,Ongoing,139000,1.621367,5656,,0.039846,4.069065,7973,5.735971,0.028267,3724,0.060518,,
Enamour,USD,2023-07-04,2026-08-04,Stream: Heart Strings,inactive,28-day click or 1-day view,,,0,0,,6,Daily,0,Ongoing,0,0,,,,,0,0,0,,,,
Enamour,USD,2023-07-04,2026-08-04,The Bow Apple Music,inactive,28-day click or 1-day view,,,0,0,,5,Daily,0,Ongoing,0,0,,,,,0,0,0,,,,
Enamour,USD,2023-07-04,2026-08-04,The Bow Apple Music Conversions,inactive,28-day click or 1-day view,,,0,0,,5,Daily,0,Ongoing,0,0,,,,,0,0,0,,,,
Enamour,USD,2023-07-04,2026-08-04,Download: Heart Strings DESKTOP ONLY,inactive,28-day click or 1-day view,,,0,0,,8,Daily,0,Ongoing,0,0,,,,,0,0,0,,,,
Enamour,USD,2023-07-04,2026-08-04,Download: Heart Strings Region Split,inactive,28-day click or 1-day view,,,0,0,,6,Daily,0,Ongoing,0,0,,,,,0,0,0,,,,
Enamour,USD,2023-07-04,2026-08-04,Instagram post: Dip is FINALLY coming out in two...,completed,7-day click or 1-day view,484,profile_visit_view,14703,1.516629,0.09030992,44,Lifetime,43.71,2026-07-14,22299,1.960178,488,,0.08957,2.188439,498,2.233284,0.087771,,,,
Enamour,USD,2023-07-04,2026-08-04,[intellijend] enamour - Dip Launch - Broad,inactive,7-day click,340,actions:offsite_conversion.fb_pixel_view_content,12875,1.865476,0.30947059,5,Daily,105.22,2026-08-16,24018,4.380881,465,,0.22628,1.936048,540,2.248314,0.194852,421,0.249929,,
Enamour,USD,2023-07-04,2026-08-04,[intellijend] enamour - Dip Launch - Interest: Tech house,inactive,7-day click,386,actions:offsite_conversion.fb_pixel_view_content,13249,2.105442,0.29523316,5,Daily,113.96,2026-08-16,27895,4.08532,524,,0.217481,1.878473,600,2.150923,0.189933,471,0.241953,,
Enamour,USD,2023-07-04,2026-08-04,"Instagram post: What U Said is OUT NOW

A record...",recently_completed,7-day click or 1-day view,633,actions:link_click,2398,1.862802,0.06266983,60,Lifetime,39.67,2026-07-29,4467,8.880681,633,,0.06267,14.170584,221,4.947392,0.179502,605,0.06557,,
Enamour,USD,2023-07-04,2026-08-04,"Instagram post: What U Said is OUT NOW

A record...",recently_completed,7-day click or 1-day view,309,actions:link_click,8103,1.206343,0.077411,24,Lifetime,23.92,2026-08-01,9775,2.447059,309,,0.077411,3.161125,375,3.836317,0.063787,268,0.089254,,
Enamour,USD,2023-07-04,2026-08-04,Download: Heart Strings,inactive,28-day click or 1-day view,,,0,0,,6,Daily,0,Ongoing,0,0,,,,,0,0,0,,,,
Hayden-James,USD,2023-07-04,2026-08-04,Hayden James - Just Friends 001 (Traffic),completed,7-day click or 1-day view,2354,actions:link_click,38464,1.871126,0.17136788,Using ad set budget,0,403.4,2024-06-28,71971,5.605035,2354,,0.171368,3.270762,3723,5.172917,0.108353,3,134.466667,,
Hayden-James,USD,2023-07-04,2026-08-04,Hayden James - FTG Out Now (Traffic),inactive,7-day click or 1-day view,3606,actions:link_click,30773,1.110097,0.04001941,500,Lifetime,144.31,2026-07-10,34161,4.224408,3606,,0.040019,10.555897,3839,11.237961,0.037591,3071,0.046991,,
Innervisions-Gm-H,EUR,2023-07-04,2026-08-04,Skatman_Rewarped_Traffic,inactive,7-day click or 1-day view,,,0,0,,Using ad set budget,0,0,2023-06-19,0,0,,,,,0,0,0,,,,
Innervisions-Gm-H,EUR,2023-07-04,2026-08-04,Secret Places / Single / Traffic,inactive,7-day click or 1-day view,2184,actions:link_click,226650,3.208732,0.13735348,30,Daily,299.98,2023-07-30,727259,0.41248,2184,,0.137353,0.300306,2456,0.337706,0.122142,,,,
Innervisions-Gm-H,EUR,2023-07-04,2026-08-04,Tal Fussman - Children Of 95 / Traffic,inactive,7-day click or 1-day view,1336,actions:link_click,197181,2.211694,0.18711078,Using ad set budget,0,249.98,2023-09-28,436104,0.573212,1336,,0.187111,0.306349,1672,0.383395,0.14951,,,,
Innervisions-Gm-H,EUR,2023-07-04,2026-08-04,Secret Weapons 16 | Release Post | Awareness,inactive,7-day click or 1-day view,313600,reach,313600,1.21147,0.15526148,Using ad set budget,0,48.69,2023-12-16,379917,0.12816,117,,0.416154,0.030796,176,0.046326,0.276648,,,,
Innervisions-Gm-H,EUR,2023-07-04,2026-08-04,Secret Weapons 16 | Trailer | Awareness,inactive,7-day click or 1-day view,480742,reach,480742,1.157633,0.15384551,Using ad set budget,0,73.96,2023-12-16,556523,0.132897,156,,0.474103,0.028031,253,0.045461,0.292332,,,,
Innervisions-Gm-H,EUR,2023-07-04,2026-08-04,Secret Weapons 16 | Ivory | Awareness,inactive,7-day click or 1-day view,390959,reach,390959,1.190994,0.16150031,Using ad set budget,0,63.14,2023-12-16,465630,0.135601,155,,0.407355,0.033288,244,0.052402,0.25877,,,,
Innervisions-Gm-H,EUR,2023-07-04,2026-08-04,Secret Weapons 16 | Release Post | Traffic,inactive,7-day click or 1-day view,1061,actions:link_click,177181,1.756955,0.09179076,Using ad set budget,0,97.39,2023-12-16,311299,0.31285,1061,,0.091791,0.34083,1193,0.383233,0.081635,,,,
Innervisions-Gm-H,EUR,2023-07-04,2026-08-04,Secret Weapons 16 | Trailer | Traffic,inactive,7-day click or 1-day view,1741,actions:link_click,173838,1.727436,0.10020678,Using ad set budget,0,174.46,2023-12-16,300294,0.580964,1741,,0.100207,0.579765,2261,0.752929,0.077161,,,,
Innervisions-Gm-H,EUR,2023-07-04,2026-08-04,Secret Weapons 16 | Release Post | Interaction,inactive,7-day click or 1-day view,39052,actions:post_engagement,81575,1.730126,0.00249411,Using ad set budget,0,97.4,2023-12-16,141135,0.690119,83,,1.173494,0.058809,189,0.133914,0.515344,,,,
Innervisions-Gm-H,EUR,2023-07-04,2026-08-04,Secret Weapons 16 | Ivory | Traffic,inactive,7-day click or 1-day view,1542,actions:link_click,142323,1.512644,0.09658885,Using ad set budget,0,148.94,2023-12-16,215284,0.69183,1542,,0.096589,0.716263,1897,0.881162,0.078513,,,,
Innervisions-Gm-H,EUR,2023-07-04,2026-08-04,Interaktion :: JJ X Snoop Dogg,inactive,7-day click or 1-day view,41266,video_thruplay_watched_actions,158986,1.227781,0.00245432,Using ad set budget,0,101.28,2024-04-12,195200,0.518852,572,,0.177063,0.293033,1383,0.708504,0.073232,,,,
Innervisions-Gm-H,EUR,2023-07-04,2026-08-04,Trikk Rigor | Release Post | Awareness,inactive,7-day click or 1-day view,864037,reach,864037,1.056273,0.15206525,Using ad set budget,0,131.39,2024-04-17,912659,0.143964,366,,0.358989,0.040103,592,0.064865,0.221943,,,,
Innervisions-Gm-H,EUR,2023-07-04,2026-08-04,Trikk Rigor | Release Post | Traffic,inactive,7-day click or 1-day view,2625,actions:link_click,50173,1.699161,0.05021714,Using ad set budget,0,131.82,2024-04-17,85252,1.546239,2625,,0.050217,3.079107,2666,3.127199,0.049445,,,,
Innervisions-Gm-H,EUR,2023-07-04,2026-08-04,F&S Memories | Release Post | Awareness | Lookalike 1%,inactive,7-day click or 1-day view,348464,reach,348464,2.787777,0.60126728,Using ad set budget,0,209.52,2024-05-28,971440,0.21568,471,,0.444841,0.048485,633,0.065161,0.330995,,,,
Innervisions-Gm-H,EUR,2023-07-04,2026-08-04,Engagement Campaign :: Asa – Kopie,inactive,7-day click or 1-day view,135867,actions:post_engagement,242783,1.286272,0.00084568,Using ad set budget,0,114.9,2024-07-16,312285,0.367933,241,,0.476763,0.077173,556,0.178042,0.206655,,,,
Innervisions-Gm-H,EUR,2023-07-04,2026-08-04,JJ :: Human Rights :: Reel,inactive,7-day click or 1-day view,62032,actions:post_engagement,138177,1.498332,0.00206813,Using ad set budget,0,128.29,2024-08-08,207035,0.619654,188,,0.682394,0.090806,447,0.215906,0.287002,,,,
Innervisions-Gm-H,EUR,2023-07-04,2026-08-04,JJ :: Human Rights :: Traffic,not_delivering,7-day click or 1-day view,1215,actions:link_click,178291,1.747222,0.0816214,Using ad set budget,0,99.17,2024-08-06,311514,0.318348,1215,,0.081621,0.390031,1435,0.460653,0.069108,,,,
Innervisions-Gm-H,EUR,2023-07-04,2026-08-04,Thimble_Traffic_Hidden,not_delivering,7-day click or 1-day view,1737,actions:link_click,97989,1.209319,0.06063328,Using ad set budget,0,105.32,2024-09-18,118500,0.888776,1737,,0.060633,1.465823,1842,1.55443,0.057177,,,,
Innervisions-Gm-H,EUR,2023-07-04,2026-08-04,Âme - 'Shadow of Love' Teaser Boost (Engagement),not_delivering,7-day click or 1-day view,20974,actions:post_engagement,61512,2.041911,0.01430342,300,Lifetime,300,2024-10-04,125602,2.388497,412,,0.728155,0.32802,735,0.585182,0.408163,,,,
Innervisions-Gm-H,EUR,2023-07-04,2026-08-04,Âme - Shadow of Love Out Now (Awareness),not_delivering,7-day click or 1-day view,16477,video_thruplay_watched_actions,81234,1.843391,0.01820598,300,Lifetime,299.98,2024-10-18,149746,2.003259,404,,0.742525,0.26979,2144,1.431758,0.139916,,,,
Innervisions-Gm-H,EUR,2023-07-04,2026-08-04,Âme - Shadow of Love MV (Traffic),archived,7-day click or 1-day view,2814,actions:link_click,53338,2.210507,0.08884151,250,Lifetime,250,2024-10-31,117904,2.120369,2814,,0.088842,2.386687,3485,2.955795,0.071736,,,,
Innervisions-Gm-H,EUR,2023-07-04,2026-08-04,Shiffer - We Care (Traffic),archived,7-day click or 1-day view,6271,actions:link_click,111644,1.571764,0.02391963,151.36,Lifetime,150,2024-12-03,175478,0.854808,6271,,0.02392,3.573667,7149,4.074015,0.020982,,,,
Innervisions-Gm-H,EUR,2023-07-04,2026-08-04,Shiffer - We Care (Awareness),inactive,7-day click or 1-day view,3857,video_thruplay_watched_actions,21204,1.337436,0.02337827,100,Lifetime,90.17,2024-12-13,28359,3.17959,102,,0.88402,0.359674,307,1.082549,0.293713,,,,
Innervisions-Gm-H,EUR,2023-07-04,2026-08-04,Âme - SoL / Asa (Traffic),not_delivering,7-day click or 1-day view,5138,actions:link_click,43497,1.767294,0.02914558,150,Lifetime,149.75,2025-01-01,76872,1.948044,5138,,0.029146,6.683838,6136,7.9821,0.024405,,,,
Innervisions-Gm-H,EUR,2023-07-04,2026-08-04,Ede - Odyssey EP (Traffic),not_delivering,7-day click or 1-day view,5939,actions:link_click,101016,1.680417,0.05051019,Using ad set budget,0,299.98,2025-02-28,169749,1.767197,5939,,0.05051,3.498695,6898,4.063647,0.043488,1,299.98,,
Innervisions-Gm-H,EUR,2023-07-04,2026-08-04,Trikk x MEUTE - Raiva (Traffic),not_delivering,7-day click or 1-day view,8563,actions:link_click,66939,1.667668,0.01740745,Using ad set budget,0,149.06,2025-04-04,111632,1.33528,8563,,0.017407,7.67074,9109,8.159847,0.016364,,,,
Innervisions-Gm-H,EUR,2023-07-04,2026-08-04,SoL Echonomist Remix Out Now Boost,inactive,7-day click or 1-day view,13981,actions:post_engagement,38744,1.321082,0.00356341,50,Lifetime,49.82,2025-04-01,51184,0.973351,,,,,286,0.558768,0.174196,,,,
Innervisions-Gm-H,EUR,2023-07-04,2026-08-04,Trikk - Harmonia,not_delivering,7-day click or 1-day view,7024,actions:link_click,133067,1.792646,0.02126424,Using ad set budget,0,149.36,2025-05-11,238542,0.626137,7024,,0.021264,2.944555,8203,3.438807,0.018208,,,,
Innervisions-Gm-H,EUR,2023-07-04,2026-08-04,Trikk - Harmonia (Broader Audience),not_delivering,7-day click or 1-day view,10071,actions:link_click,119022,1.312833,0.01488333,Using ad set budget,0,149.89,2025-05-21,156256,0.959259,10071,,0.014883,6.445193,10409,6.661504,0.0144,,,,
Innervisions-Gm-H,EUR,2023-07-04,2026-08-04,JJ x BC - Trippy Yeah,not_delivering,7-day click or 1-day view,10125,actions:link_click,235900,1.817677,0.02468938,Using ad set budget,0,249.98,2025-07-16,428790,0.582989,10125,,0.024689,2.361296,11426,2.664708,0.021878,9,27.775556,,
Innervisions-Gm-H,EUR,2023-07-04,2026-08-04,Âme - Don't Waste My Time Out Now (Boost),inactive,7-day click or 1-day view,11228,actions:post_engagement,24705,1.343048,0.00340844,50,Lifetime,38.27,2025-07-15,33180,1.153406,,,,,136,0.409885,0.281397,,,,
Innervisions-Gm-H,EUR,2023-07-04,2026-08-04,Âme - Don't Waste My Time Out Now (Awareness),inactive,7-day click or 1-day view,16278,video_thruplay_watched_actions,51205,1.280012,0.00763116,200,Lifetime,124.22,2025-08-01,65543,1.895244,82,,1.514878,0.125109,406,0.619441,0.305961,1,124.22,,
Innervisions-Gm-H,EUR,2023-07-04,2026-08-04,Âme - Don't Waste My Time Out Now (Traffic),not_delivering,7-day click or 1-day view,3508,actions:link_click,21394,1.631298,0.02708096,Using ad set budget,0,95,2025-08-05,34900,2.722063,3508,,0.027081,10.051576,3957,11.338109,0.024008,2,47.5,,
Innervisions-Gm-H,EUR,2023-07-04,2026-08-04,Let's GO (Awareness),not_delivering,7-day click or 1-day view,67336,video_thruplay_watched_actions,388972,1.492454,0.00593917,Using ad set budget,0,399.92,2025-10-21,580523,0.688896,466,,0.858197,0.080272,3979,0.685416,0.100508,,,,
Innervisions-Gm-H,EUR,2023-07-04,2026-08-04,Âme - Pha Na Pha (Traffic),not_delivering,7-day click or 1-day view,3651,actions:omni_landing_page_view,80085,1.336767,0.05476034,Using ad set budget,0,199.93,2025-12-12,107055,1.867545,4730,,0.042269,4.41829,7779,7.266358,0.025701,3651,0.05476,,
Innervisions-Gm-H,EUR,2023-07-04,2026-08-04,Tri/xon - WORK/OUT (Awareness),not_delivering,7-day click or 1-day view,28676,video_thruplay_watched_actions,148486,1.254347,0.00697064,Using ad set budget,0,199.89,2026-03-16,186253,1.073218,237,,0.843418,0.127246,2117,1.136626,0.094421,,,,
Innervisions-Gm-H,EUR,2023-07-04,2026-08-04,Jepe - Monza EP (Traffic),inactive,7-day click or 1-day view,4517,actions:link_click,57000,1.551596,0.03203896,Using ad set budget,0,144.72,2026-04-11,88441,1.636345,4517,,0.032039,5.10736,6381,7.214979,0.02268,2522,0.057383,,
Innervisions-Gm-H,EUR,2023-07-04,2026-08-04,Âme - LiTD (Traffic),inactive,7-day click or 1-day view,9325,actions:link_click,104046,1.762413,0.03658338,Using ad set budget,0,341.14,2026-04-21,183372,1.860371,9325,,0.036583,5.085291,12892,7.030517,0.026461,4562,0.074779,,
Innervisions-Gm-H,EUR,2023-07-04,2026-08-04,Selim Sivade - Savage EP (LPV),not_delivering,7-day click or 1-day view,1378,actions:omni_landing_page_view,33984,1.508975,0.07240203,Using ad set budget,0,99.77,2026-05-01,51281,1.945555,2370,,0.042097,4.621595,2988,5.826719,0.03339,1378,0.072402,,
Innervisions-Gm-H,EUR,2023-07-04,2026-08-04,Julian Koerndl - Horses EP (LPV),not_delivering,7-day click or 1-day view,1523,actions:omni_landing_page_view,27801,1.63379,0.06543664,Using ad set budget,0,99.66,2026-06-02,45421,2.194139,2427,,0.041063,5.343343,3279,7.219128,0.030393,1523,0.065437,,
Innervisions-Gm-H,EUR,2023-07-04,2026-08-04,Secret Weapons 18 (LPV),inactive,7-day click or 1-day view,8620,actions:omni_landing_page_view,99848,1.563767,0.05786079,Using ad set budget,0,498.76,2026-06-21,156139,3.194333,10207,,0.048865,6.537124,13155,8.425185,0.037914,8620,0.057861,,
Innervisions-Gm-H,EUR,2023-07-04,2026-08-04,PHASE 1: Jimi Jules Awareness - Video Views,inactive,7-day click or 1-day view,,,0,0,,Using ad set budget,0,0,Ongoing,0,0,,,,,0,0,0,,,,
Innervisions-Gm-H,EUR,2023-07-04,2026-08-04,PHASE 2: Jimi Jules Awareness - Video Views,inactive,7-day click or 1-day view,,,0,0,,Using ad set budget,0,0,Ongoing,0,0,,,,,0,0,0,,,,
Innervisions-Gm-H,EUR,2023-07-04,2026-08-04,PHASE 3: Jimi Jules Awareness - Video Views,inactive,7-day click or 1-day view,,,0,0,,Using ad set budget,0,0,Ongoing,0,0,,,,,0,0,0,,,,
Innervisions-Gm-H,EUR,2023-07-04,2026-08-04,PHASE 4: Jimi Jules Awareness - Video Views - Album Release,inactive,7-day click or 1-day view,,,0,0,,Using ad set budget,0,0,Ongoing,0,0,,,,,0,0,0,,,,
Innervisions-Gm-H,EUR,2023-07-04,2026-08-04,Skatmak_Rewarped_Interaktion,inactive,7-day click or 1-day view,,,0,0,,Using ad set budget,0,0,2023-06-19,0,0,,,,,0,0,0,,,,
Innervisions-Gm-H,EUR,2023-07-04,2026-08-04,Mooglie - Modern Fears (LPV),not_delivering,7-day click or 1-day view,1672,actions:omni_landing_page_view,33342,1.548947,0.05963517,Using ad set budget,0,99.71,2026-07-06,51645,1.930681,2095,,0.047594,4.05654,2883,5.582341,0.034586,1672,0.059635,,
Innervisions-Gm-H,EUR,2023-07-04,2026-08-04,Âme - Pha Na Pha (TSHA Remix) (LPV),not_delivering,7-day click or 1-day view,1198,actions:omni_landing_page_view,29799,1.597973,0.12396494,Using ad set budget,0,148.51,2026-07-13,47618,3.118779,1456,,0.101999,3.057667,2195,4.609601,0.067658,1198,0.123965,,
Innervisions-Gm-H,EUR,2023-07-04,2026-08-04,Jimi Jules - Whisper To Me (Awareness),inactive,7-day click or 1-day view,32612,video_thruplay_watched_actions,223173,1.208829,0.00658929,Using ad set budget,0,214.89,2026-07-24,269778,0.796544,482,,0.44583,0.178665,4969,1.841885,0.043246,165,1.302364,,
Innervisions-Gm-H,EUR,2023-07-04,2026-08-04,Jimi Jules - Whisper to Me (Streams),active,Multiple attribution settings,,,54674,1.549932,,Using ad set budget,0,250.56,2026-08-17,84741,2.956774,2215,,0.11312,2.613847,2936,3.464675,0.085341,1843,0.135952,,
Night-Bass,USD,2023-07-04,2026-08-04,AC Slater - Music Is My Life Free DL,inactive,"7-day click, 1-day view, or 1-day engaged-view",,,4785,1.910554,,500,Lifetime,96.99,2026-01-23,9142,10.609276,142,,0.683028,1.553271,231,2.526799,0.41987,27,3.592222,,
Night-Bass,USD,2023-07-04,2026-08-04,AC Slater - Music Is My Life Free DL - Copy,inactive,"7-day click, 1-day view, or 1-day engaged-view",99,actions:offsite_conversion.custom.2061303507992707,13139,2.536038,4.03838384,400,Lifetime,399.8,2026-01-23,33321,11.998439,474,,0.84346,1.422526,876,2.628973,0.456393,90,4.442222,,
Night-Bass,USD,2023-07-04,2026-08-04,AC Slater - Get Wild (Beatport Traffic),inactive,7-day click or 1-day view,730,actions:link_click,9244,1.559606,0.13647945,100,Lifetime,99.63,2026-02-11,14417,6.910592,730,,0.136479,5.063467,969,6.721232,0.102817,556,0.179191,,
Night-Bass,USD,2023-07-04,2026-08-04,AC Slater - Keep On Dub Free DL (Conversions),inactive,"7-day click, 1-day view, or 1-day engaged-view",62,actions:offsite_conversion.fb_pixel_complete_registration,13620,2.573862,4.83290323,300,Lifetime,299.64,2026-02-25,35056,8.547467,765,,0.391686,2.182223,1160,3.308991,0.25831,93,3.221935,,
Night-Bass,USD,2023-07-04,2026-08-04,AC Slater - Saturdays Free DL (Conversions),completed,"7-day click, 1-day view, or 1-day engaged-view",105,actions:offsite_conversion.fb_pixel_complete_registration,11261,1.989788,1.90447619,200,Lifetime,199.97,2026-04-29,22407,8.924443,857,,0.233337,3.824698,1422,6.346231,0.140626,181,1.104807,,
Night-Bass,USD,2023-07-04,2026-08-04,Saturdays Free D/ L - Test Audience 1P -Tailored web traffic campaign 4/16/2026 Campaign,completed,7-day click or 1-day view,1287,actions:omni_landing_page_view,14193,1.370958,0.07753691,Using ad set budget,0,99.79,2026-04-23,19458,5.128482,1533,,0.065095,7.878508,1729,8.885805,0.057715,1287,0.077537,,
Night-Bass,USD,2023-07-04,2026-08-04,Hi8 - Clicks – Feeling Awake,inactive,-,,,0,0,,Using ad set budget,0,0,1969-12-31,0,0,,,,,0,0,0,,,,
Night-Bass,USD,2023-07-04,2026-08-04,Swingin' - Video Views - New Awareness Campaign,completed,7-day click or 1-day view,17685,video_thruplay_watched_actions,8494,2.331881,0.01130506,Using ad set budget,0,199.93,2026-06-24,19807,10.093906,16,,12.495625,0.08078,24,0.121169,8.330417,,,,
Night-Bass,USD,2023-07-04,2026-08-04,For the Funk (Free Download) - Conversion - New Sales Campaign,completed,"7-day click, 1-day view, or 1-day engaged-view",113,actions:offsite_conversion.fb_pixel_complete_registration,7686,1.933515,1.31539823,150,Lifetime,148.64,2026-07-20,14861,10.002019,609,,0.244072,4.097975,1050,7.065473,0.141562,186,0.79914,,
Night-Bass,USD,2023-07-04,2026-08-04,For The Funk (Free Download) - New Traffic Campaign with recommended settings,inactive,7-day click or 1-day view,923,actions:omni_landing_page_view,11203,1.298134,0.09507042,Using ad set budget,0,87.75,2026-07-17,14543,6.033831,999,,0.087838,6.869284,1353,9.303445,0.064856,923,0.09507,,
RLM-Electronic-2,USD,2023-07-04,2026-08-04,Dirt Monkey - (RE)EVOLUTION VOL. 3 Release (Boost),completed,7-day click or 1-day view,148,actions:link_click,7588,1.256326,0.67567568,Using ad set budget,0,100,2023-07-14,9533,10.489877,148,,0.675676,1.552502,175,1.835729,0.571429,,,,
RLM-Electronic-2,USD,2023-07-04,2026-08-04,GHASTLY - Enough Release,completed,7-day click or 1-day view,721,actions:link_click,24439,1.340399,0.34674064,Using ad set budget,0,250,2023-07-14,32758,7.631724,721,,0.346741,2.200989,1154,3.522804,0.216638,,,,
RLM-Electronic-2,USD,2023-07-04,2026-08-04,Dirt Monkey - (RE)EVOLUTION VOL. 3 Release (Dark Ads),completed,7-day click or 1-day view,290,actions:link_click,15635,1.432875,0.51724138,Using ad set budget,0,150,2023-07-14,22403,6.695532,290,,0.517241,1.294469,429,1.914922,0.34965,,,,
RLM-Electronic-2,USD,2023-07-04,2026-08-04,"HE$H - ""LEECHES"" Out Now (Video Views)",not_delivering,7-day click or 1-day view,4916,video_thruplay_watched_actions,32364,1.540662,0.04068348,Using ad set budget,0,200,2023-08-30,49862,4.011071,431,,0.464037,0.864386,1196,2.39862,0.167224,,,,
RLM-Electronic-2,USD,2023-07-04,2026-08-04,Luttrell - Teaser Boost (Post Engagement),completed,7-day click or 1-day view,12330,actions:post_engagement,15958,1.3476,0.0081103,Using ad set budget,0,100,2023-09-13,21505,4.650081,75,,1.333333,0.348756,325,1.511276,0.307692,,,,
RLM-Electronic-2,USD,2023-07-04,2026-08-04,"Dirt Monkey x Jantsen - ""Full Circle"" Release (Dark Ad)",completed,7-day click or 1-day view,6105,video_thruplay_watched_actions,29242,1.335169,0.02457002,Using ad set budget,0,150,2023-09-20,39043,3.841918,214,,0.700935,0.548114,894,2.289783,0.167785,,,,
RLM-Electronic-2,USD,2023-07-04,2026-08-04,"Dirt Monkey x Jantsen - ""Full Circle"" Release (Boost)",completed,7-day click or 1-day view,3911,video_thruplay_watched_actions,27128,1.06097,0.02556891,100,Lifetime,100,2023-10-13,28782,3.474394,139,,0.719424,0.482941,340,1.181294,0.294118,,,,
RLM-Electronic-2,USD,2023-07-04,2026-08-04,"Dirt Monkey - ""IGNITE"" Release (Video Views)",completed,7-day click or 1-day view,10776,video_thruplay_watched_actions,39075,1.096404,0.01855976,200,Lifetime,200,2023-10-11,42842,4.668316,58,,3.448276,0.135381,214,0.49951,0.934579,,,,
RLM-Electronic-2,USD,2023-07-04,2026-08-04,"Dirt Monkey - ""IGNITE"" Release (Boost)",completed,7-day click or 1-day view,6672,video_thruplay_watched_actions,26707,1.011607,0.01498801,100,Lifetime,100,2023-10-11,27017,3.701373,41,,2.439024,0.151756,120,0.444165,0.833333,,,,
RLM-Electronic-2,USD,2023-07-04,2026-08-04,"Dirt Monkey - ""IMYCELIUM SOUND PT. 1"" Release (Boost)",completed,7-day click or 1-day view,6493,video_thruplay_watched_actions,25437,1.192358,0.0154012,100,Lifetime,100,2023-10-26,30330,3.297066,167,,0.598802,0.55061,544,1.793604,0.183824,,,,
RLM-Electronic-2,USD,2023-07-04,2026-08-04,"Dirt Monkey - ""MYCELIUM SOUND PT. 1"" Release (Video Views)",completed,7-day click or 1-day view,7870,video_thruplay_watched_actions,43286,1.235064,0.0317662,250,Lifetime,250,2023-10-26,53461,4.676306,247,,1.012146,0.462019,689,1.28879,0.362845,,,,
RLM-Electronic-2,USD,2023-07-04,2026-08-04,"Dirt Monkey - ""MYCELIUM SOUND PT. 2"" Release (Video Views)",completed,7-day click or 1-day view,6520,video_thruplay_watched_actions,30506,1.247197,0.02300613,150,Lifetime,150,2023-11-01,38047,3.942492,183,,0.819672,0.480984,803,2.110547,0.1868,,,,
RLM-Electronic-2,USD,2023-07-04,2026-08-04,"Dirt Monkey - ""IMYCELIUM SOUND PT. 2"" Release (Boost)",completed,7-day click or 1-day view,5078,video_thruplay_watched_actions,20939,1.077224,0.01969279,100,Lifetime,100,2023-11-01,22556,4.43341,70,,1.428571,0.310339,238,1.055152,0.420168,,,,
RLM-Electronic-2,USD,2023-07-04,2026-08-04,HE$H - SHOCK THERAPY EP Release (Video Views),not_delivering,7-day click or 1-day view,5488,video_thruplay_watched_actions,29397,1.694901,0.04555394,Using ad set budget,0,250,2023-12-13,49825,5.017561,283,,0.883392,0.567988,1076,2.159558,0.232342,,,,
RLM-Electronic-2,USD,2023-07-04,2026-08-04,HE$H - SHOCK THERAPY EP Release (Boost),not_delivering,7-day click or 1-day view,9797,actions:post_engagement,15118,1.780923,0.01020721,100,Lifetime,100,2023-12-13,26924,3.714158,225,,0.444444,0.835686,890,3.305601,0.11236,,,,
RLM-Electronic-2,USD,2023-07-04,2026-08-04,"Dirt Monkey x Virus Syndicate ""Terror Dome"" (Video Views)",completed,7-day click or 1-day view,5159,video_thruplay_watched_actions,28117,1.583277,0.048459,Using ad set budget,0,250,2024-03-13,44517,5.615832,145,,1.724138,0.325718,599,1.345553,0.417362,,,,
RLM-Electronic-2,USD,2023-07-04,2026-08-04,"Dirt Monkey x Virus Syndicate - ""Terror Dome"" Release (Boost)",completed,7-day click or 1-day view,10593,actions:post_engagement,17082,1.311029,0.0094402,Using ad set budget,0,100,2024-03-13,22395,4.465282,105,,0.952381,0.468855,329,1.469078,0.303951,,,,
RLM-Electronic-2,USD,2023-07-04,2026-08-04,Ghengar - Click (Video Views),completed,7-day click or 1-day view,114650,reach,114650,1.044483,2.1805495,Using ad set budget,0,250,2024-04-10,119750,2.087683,283,,0.883392,0.236326,667,0.556994,0.374813,,,,
RLM-Electronic-2,USD,2023-07-04,2026-08-04,Dirt Monkey - (RE)EVOLUTION VOL. 4 Release (Video Views),completed,7-day click or 1-day view,6359,video_thruplay_watched_actions,32343,1.801224,0.03931436,Using ad set budget,0,250,2024-06-18,58257,4.29133,225,,1.111111,0.38622,1459,2.50442,0.17135,,,,
RLM-Electronic-2,USD,2023-07-04,2026-08-04,HE$H - Swerve Release (Video Views),inactive,7-day click or 1-day view,1433,video_thruplay_watched_actions,10366,1.658788,0.07004187,Using ad set budget,0,100.37,2024-07-10,17195,5.837162,50,,2.0074,0.290782,385,2.239023,0.260701,,,,
RLM-Electronic-2,USD,2023-07-04,2026-08-04,HE$H - Swerve Release (Video Views) - Copy,completed,7-day click or 1-day view,3878,video_thruplay_watched_actions,20172,1.59771,0.05801702,Using ad set budget,0,224.99,2024-07-05,32229,6.98098,76,,2.960395,0.235812,543,1.684818,0.414346,,,,
RLM-Electronic-2,USD,2023-07-04,2026-08-04,Dirt Monkey - Light Years Release (Awareness),completed,7-day click or 1-day view,4834,video_thruplay_watched_actions,31023,1.924089,0.05169632,Using ad set budget,0,249.9,2024-10-02,59691,4.186561,95,,2.630526,0.159153,1195,2.001977,0.209121,64,3.904688,,
RLM-Electronic-2,USD,2023-07-04,2026-08-04,Dirt Monkey - Light Years Release Boost (Awareness),completed,7-day click or 1-day view,2539,video_thruplay_watched_actions,13453,1.206943,0.03933832,Using ad set budget,0,99.88,2024-09-25,16237,6.151383,44,,2.27,0.270986,139,0.856069,0.718561,35,2.853714,,
RLM-Electronic-2,USD,2023-07-04,2026-08-04,Zomboy - Project Z (Awareness) MX,completed,7-day click or 1-day view,46173,video_thruplay_watched_actions,268774,2.723001,0.00974596,450,Lifetime,450,2024-10-11,731872,0.614862,564,,0.797872,0.077063,5243,0.716382,0.085829,,,,
RLM-Electronic-2,USD,2023-07-04,2026-08-04,Zomboy - Project Z (Awareness) US,completed,7-day click or 1-day view,11267,video_thruplay_watched_actions,38857,2.540701,0.03993965,450,Lifetime,450,2024-10-11,98724,4.558162,210,,2.142857,0.212714,1066,1.079778,0.422139,,,,
RLM-Electronic-2,USD,2023-07-04,2026-08-04,Borgore - FIND SOMEONE Release (Awareness),inactive,7-day click or 1-day view,8396,video_thruplay_watched_actions,53759,2.056474,0.05955217,500,Lifetime,500,2024-10-30,110554,4.522677,122,,4.098361,0.110353,950,0.859309,0.526316,66,7.575758,,
RLM-Electronic-2,USD,2023-07-04,2026-08-04,GHENGAR Click VIP (Video Views),inactive,7-day click or 1-day view,12025,video_thruplay_watched_actions,58363,1.66071,0.03187692,Using ad set budget,0,383.32,2024-11-07,96924,3.954851,226,,1.696106,0.233172,2192,2.261566,0.174872,175,2.1904,,
RLM-Electronic-2,USD,2023-07-04,2026-08-04,ZOMBOY - Delete Me (Awareness) US,completed,7-day click or 1-day view,22042,video_thruplay_watched_actions,135835,1.84328,0.04536793,1000,Lifetime,1000,2024-11-15,250382,3.993897,391,,2.557545,0.156161,5625,2.246567,0.177778,268,3.731343,,
RLM-Electronic-2,USD,2023-07-04,2026-08-04,ZOMBOY - Delete Me (Awareness) MX,completed,7-day click or 1-day view,98988,video_thruplay_watched_actions,797129,2.644756,0.01010223,1000,Lifetime,1000,2024-11-15,2108212,0.474336,2346,,0.426257,0.111279,18119,0.859449,0.055191,718,1.392758,,
RLM-Electronic-2,USD,2023-07-04,2026-08-04,GHENGAR - ADHD EP (Awareness),completed,7-day click or 1-day view,10799,video_thruplay_watched_actions,41258,2.02402,0.02315029,250,Lifetime,250,2024-12-30,83507,2.993761,242,,1.033058,0.289796,2769,3.31589,0.090285,191,1.308901,,
RLM-Electronic-2,USD,2023-07-04,2026-08-04,Grabbitz - Hero pt. 2 (Traffic),completed,7-day click or 1-day view,3314,actions:link_click,50507,1.742907,0.15087508,500,Lifetime,500,2024-12-30,88029,5.679946,3314,,0.150875,3.764668,3843,4.365607,0.130107,,,,
RLM-Electronic-2,USD,2023-07-04,2026-08-04,LEVEL UP - SAPPHIRE SOULS EP (Awareness),inactive,7-day click or 1-day view,14064,video_thruplay_watched_actions,42856,1.617113,0.03555176,500,Lifetime,500,2025-01-24,69303,7.214695,146,,3.424658,0.210669,771,1.112506,0.648508,,,,
RLM-Electronic-2,USD,2023-07-04,2026-08-04,GHENGAR - HELP ME (Awareness),completed,7-day click or 1-day view,10857,video_thruplay_watched_actions,42559,1.71207,0.02302662,250,Lifetime,250,2025-02-28,72864,3.43105,144,,1.736111,0.197628,1162,1.594752,0.215146,123,2.03252,,
RLM-Electronic-2,USD,2023-07-04,2026-08-04,Zen Selekta - The Mind Killer EP (Awareness),completed,7-day click or 1-day view,12125,video_thruplay_watched_actions,49351,1.327916,0.02061773,250,Lifetime,249.99,2025-03-14,65534,3.814661,149,,1.677785,0.227363,2393,3.65154,0.104467,55,4.545273,,
RLM-Electronic-2,USD,2023-07-04,2026-08-04,GHENGAR x Usaybflow - BANANAS (Video Views),completed,7-day click or 1-day view,9457,video_thruplay_watched_actions,42186,1.376736,0.02643544,250,Lifetime,250,2025-07-06,58079,4.304482,112,,2.232143,0.192841,671,1.155323,0.372578,42,5.952381,,
RLM-Electronic-2,USD,2023-07-04,2026-08-04,A Hundred Drums - Fearless EP,completed,7-day click or 1-day view,7885,video_thruplay_watched_actions,36886,1.295207,0.0317007,250,Lifetime,249.96,2025-07-28,47775,5.232025,29,,8.61931,0.060701,672,1.406593,0.371964,1,249.96,,
RLM-Electronic-2,USD,2023-07-04,2026-08-04,Dirt Monkey - CRAB CAKE (Awareness),completed,7-day click or 1-day view,10505,video_thruplay_watched_actions,46404,1.401711,0.02378582,250,Lifetime,249.87,2025-09-01,65045,3.841494,117,,2.135641,0.179875,1779,2.73503,0.140455,41,6.09439,,
RLM-Electronic-2,USD,2023-07-04,2026-08-04,GHENGAR x Izzy Vadim - HOOLIGANS - Awareness,completed,7-day click or 1-day view,6665,video_thruplay_watched_actions,38012,1.188677,0.03747937,250,Lifetime,249.8,2025-09-22,45184,5.528506,45,,5.551111,0.099593,730,1.615616,0.342192,39,6.405128,,
RLM-Electronic-2,USD,2023-07-04,2026-08-04,Elderbrook - Teardrop Boost (Engagement),completed,7-day click or 1-day view,2748,actions:post_interaction_gross,78970,1.059668,0.09095342,250,Lifetime,249.94,2025-10-15,83682,2.986783,4,,62.485,0.00478,374,0.44693,0.668289,,,,
RLM-Electronic-2,USD,2023-07-04,2026-08-04,Elderbrook - Teardrop (Awareness),inactive,7-day click or 1-day view,42935,video_thruplay_watched_actions,124344,1.39488,0.0385301,2001.53,Lifetime,1654.29,2025-10-29,173445,9.537836,204,,8.109265,0.117617,878,0.506212,1.884157,,,,
RLM-Electronic-2,USD,2023-07-04,2026-08-04,Elderbrook - Teardrop (Traffic),completed,7-day click or 1-day view,3614,actions:link_click,42002,1.247179,0.09691201,350.33,Lifetime,350.24,2025-10-31,52384,6.686011,3614,,0.096912,6.899053,3839,7.328574,0.091232,3257,0.107535,,
RLM-Electronic-2,USD,2023-07-04,2026-08-04,Elderbrook - Bette Davis Eyes Boost (Engagement),completed,7-day click or 1-day view,13906,actions:post_interaction_gross,135574,1.744715,0.0359557,500,Lifetime,500,2025-12-12,236538,2.113825,,,,,960,0.405854,0.520833,,,,
RLM-Electronic-2,USD,2023-07-04,2026-08-04,Elderbrook - Bette Davis Eyes (Traffic),completed,7-day click or 1-day view,18155,actions:link_click,215987,1.804109,0.0822341,1493,Lifetime,1492.96,2025-12-22,389664,3.831403,18155,,0.082234,4.659142,28543,7.325029,0.052306,15482,0.096432,,
RLM-Electronic-2,USD,2023-07-04,2026-08-04,Rhye - Close Your Mouth (Traffic),completed,7-day click or 1-day view,8316,actions:link_click,95321,1.688358,0.12018398,1000,Lifetime,999.45,2026-04-06,160936,6.210233,8316,,0.120184,5.167271,13876,8.622061,0.072027,7300,0.136911,,
RLM-Electronic-2,USD,2023-07-04,2026-08-04,Caleb Jackson - Foreva (Awareness),completed,7-day click or 1-day view,4374,video_thruplay_watched_actions,26198,1.410566,0.02374028,104.02,Lifetime,103.84,2026-04-02,36954,2.80998,8,,12.98,0.021649,247,0.668399,0.420405,,,,
RLM-Electronic-2,USD,2023-07-04,2026-08-04,O'Flynn - Kairos (Awareness),completed,7-day click or 1-day view,15047,video_thruplay_watched_actions,135921,1.591763,0.03322722,500,Lifetime,499.97,2026-04-24,216354,2.310889,143,,3.496294,0.066095,1285,0.593934,0.389082,13,38.459231,,
RLM-Electronic-2,USD,2023-07-04,2026-08-04,LL & BS - Cinnamon Flower (Traffic),completed,7-day click or 1-day view,407,actions:link_click,5545,1.666186,0.16444717,66.96,Lifetime,66.93,2026-06-22,9239,7.244291,407,,0.164447,4.405239,686,7.425046,0.097566,350,0.191229,,
RLM-Electronic-2,USD,2023-07-04,2026-08-04,Dirt monkey - Re(evolution) boost  (Engagement,inactive,7-day click or 1-day view,,,0,0,,Using ad set budget,0,0,2024-06-19,0,0,,,,,0,0,0,,,,
RLM-Electronic-2,USD,2023-07-04,2026-08-04,GRiZ x Wooli - Chaos Theory Single Release (Awareness),inactive,7-day click or 1-day view,,,0,0,,500,Lifetime,0,2025-06-30,0,0,,,,,0,0,0,,,,
RLM-Electronic-2,USD,2023-07-04,2026-08-04,Pretty Girl - Step Body Step (Traffic),not_delivering,7-day click or 1-day view,8378,actions:omni_landing_page_view,96134,1.909845,0.1610814,1350,Lifetime,1349.54,2026-07-24,183601,7.350396,8575,,0.157381,4.670454,20094,10.944385,0.067161,8378,0.161081,,
RLM-Electronic-2,USD,2023-07-04,2026-08-04,Morixo - The Emotion (Traffic),active,-,281,actions:link_click,7207,1.351741,0.28423488,250,Lifetime,79.87,2026-08-14,9742,8.198522,281,,0.284235,2.884418,304,3.120509,0.26273,184,0.434076,,
Soshmosh,USD,2026-02-06,2026-08-04,On Holiday (Awareness),inactive,7-day click or 1-day view,11818,video_thruplay_watched_actions,31715,1.127857,0.00836267,100,Lifetime,98.83,2026-02-25,35770,2.76293,35,,2.823714,0.097847,140,0.391389,0.705929,,,,
Soshmosh,USD,2026-02-06,2026-08-04,On Holiday (LPV),inactive,7-day click or 1-day view,587,actions:omni_landing_page_view,7385,1.30264,0.0970017,10,Daily,56.94,2026-03-07,9620,5.918919,526,,0.108251,5.467775,872,9.064449,0.065298,587,0.097002,,
Soshmosh,USD,2026-02-06,2026-08-04,On Holiday EP (Traffic),completed,7-day click or 1-day view,1121,actions:omni_landing_page_view,15765,1.551665,0.12815343,144.23,Lifetime,143.66,2026-04-10,24462,5.872782,833,,0.172461,3.405282,1790,7.317472,0.080257,1121,0.128153,,
Soshmosh,USD,2026-02-06,2026-08-04,Oio - Always On,active,7-day click or 1-day view,8868,actions:link_click,61559,1.674085,0.05503834,5,Daily,488.08,Ongoing,103055,4.736112,8868,,0.055038,8.605114,9825,9.533744,0.049677,6417,0.07606,,
Su-tronics,USD,2023-07-04,2026-08-04,Subtronics - Hallelujah Release - Video Views,completed,7-day click or 1-day view,61736,video_thruplay_watched_actions,214024,1.512793,0.02429603,Using ad set budget,0,1499.94,2024-08-09,323774,4.632676,1730,,0.867017,0.534323,6051,1.868896,0.247883,1362,1.101278,,
Su-tronics,USD,2023-07-04,2026-08-04,Subtronics - No One Does It Like Release (Awareness),completed,7-day click or 1-day view,16410,video_thruplay_watched_actions,59112,1.820612,0.03046862,500,Lifetime,499.99,2024-12-06,107620,4.645884,337,,1.48365,0.313139,2283,2.121353,0.219006,,,,
Su-tronics,USD,2023-07-04,2026-08-04,Subtronics - Fibonacci Part 1: Oblivion (Awareness),completed,7-day click or 1-day view,24102,video_thruplay_watched_actions,94115,1.755044,0.04148743,1000,Lifetime,999.93,2025-04-18,165176,6.053725,460,,2.173761,0.278491,1844,1.116385,0.542261,,,,
Su-tronics,USD,2023-07-04,2026-08-04,Subtronics - Fibonacci Part 1: Oblivion (Traffic),completed,7-day click or 1-day view,6394,actions:link_click,85093,1.893164,0.15639506,1000,Lifetime,999.99,2025-04-18,161095,6.207455,6394,,0.156395,3.969087,8127,5.044849,0.123045,,,,
Su-tronics,USD,2023-07-04,2026-08-04,Subtronics - Hunter Release (Video Views),completed,7-day click or 1-day view,27269,video_thruplay_watched_actions,71749,1.795732,0.01833364,500,Lifetime,499.94,2025-05-16,128842,3.880256,399,,1.252982,0.309682,1518,1.178187,0.329341,,,,
Su-tronics,USD,2023-07-04,2026-08-04,Subtronics - Legends (Video Views),completed,7-day click or 1-day view,12292,video_thruplay_watched_actions,53754,1.899152,0.0203368,250,Lifetime,249.98,2025-06-20,102087,2.448696,235,,1.063745,0.230196,3048,2.985689,0.082014,,,,
Su-tronics,USD,2023-07-04,2026-08-04,Subtronics - Itchy Scratchy (Video Views),completed,7-day click or 1-day view,37322,video_thruplay_watched_actions,104269,1.546404,0.01339076,500,Lifetime,499.77,2025-08-22,161242,3.099503,514,,0.972315,0.318776,2624,1.627368,0.190461,,,,
Su-tronics,USD,2023-07-04,2026-08-04,Subtronics - Eyes Cut Deeper (ft. Inez) (LPV),inactive,7-day click or 1-day view,27340,actions:omni_landing_page_view,430741,1.745782,0.18246928,Using ad set budget,0,4988.71,Ongoing,751980,6.634099,37317,,0.133685,4.962499,46004,6.117716,0.108441,27340,0.182469,,
Su-tronics,USD,2023-07-04,2026-08-04,Subtronics - Fall Back to Nothing (LPV),inactive,7-day click or 1-day view,30073,actions:omni_landing_page_view,435330,1.751908,0.16491803,Using ad set budget,0,4959.58,2026-07-24,762658,6.50302,46933,,0.105674,6.153872,54042,7.086007,0.091773,30073,0.164918,,
Su-tronics,USD,2023-07-04,2026-08-04,Subtronics - Hallelujah Release Boost - Engagement,inactive,7-day click or 1-day view,,,0,0,,Using ad set budget,0,0,Ongoing,0,0,,,,,0,0,0,,,,
