artist,release,release_key,campaign_uid,platform_format,release_type,country,currency,spend_local,spend_usd,reach,clicks,converted_listeners,active_streams_per_listener,est_attributed_streams,cost_per_converted_listener_usd,cost_per_attributed_stream_usd,conversion_rate_pct,click_rate_pct,release_date,start_date,end_date,days_release_to_campaign,campaign_days,year,segment_targeting,usable_for_modeling,exclusion_reason
Big Gigantic,Fluorescence,fluorescence,Fluorescence | United States | 5/12/25,Marquee,SINGLE,United States,USD,500.0,500.0,10849.0,1090.0,967.0,3.14,3036,0.5171,0.16467,8.9,10.047,2025-05-09,2025-05-12,2025-05-13,3,1,2025,Total,yes,
Big Gigantic,Friends,friends,Friends | United States | 5/2/25,Showcase,SINGLE,United States,USD,993.6,993.6,58269.0,2070.0,1243.0,1.97,2449,0.7994,0.40576,2.15,3.552,2019-08-16,2025-05-02,2025-05-16,2086,14,2025,Total,yes,
Big Gigantic,Funk Rocket,funk rocket,Funk Rocket | United States | 3/2/26,Marquee,SINGLE,United States,USD,500.0,500.0,12128.0,1354.0,1128.0,1.88,2121,0.4433,0.23578,9.17,11.164,2026-02-20,2026-03-02,2026-03-03,10,1,2026,Total,yes,
Big Gigantic,Hot Mic,hot mic,Hot Mic | United States | 12/18/25,Marquee,SINGLE,United States,USD,250.0,250.0,3756.0,677.0,495.0,1.81,896,0.5051,0.27903,13.13,18.024,2025-12-12,2025-12-18,2025-12-19,6,1,2025,Total,yes,
Big Gigantic,Hot Mic,hot mic,Hot Mic | United States | 12/18/25,Showcase,SINGLE,United States,USD,250.0,250.0,10986.0,834.0,699.0,1.72,1202,0.3577,0.20794,6.38,7.591,2025-12-12,2025-12-18,2025-12-20,6,2,2025,Total,yes,
Bob Moses,BLINK,blink,BLINK | United States | 2/16/26 #1,Showcase,ALBUM,United States,USD,150.0,150.0,16367.0,698.0,553.0,5.98,3307,0.2712,0.04536,3.38,4.265,2025-10-17,2026-02-16,2026-02-17,122,1,2026,Previously Active,yes,
Bob Moses,BLINK,blink,BLINK | United States | 2/16/26 #2,Showcase,ALBUM,United States,USD,150.0,150.0,15554.0,696.0,538.0,6.27,3373,0.2788,0.04447,3.48,4.475,2025-10-17,2026-02-16,2026-02-17,122,1,2026,Previously Active,yes,
Bob Moses,BLINK,blink,BLINK | United States | 3/2/26,Showcase,ALBUM,United States,USD,1852.0,1852.0,272135.0,8419.0,6497.0,6.01,39047,0.2851,0.04743,2.42,3.094,2025-10-17,2026-03-02,2026-03-16,136,14,2026,Previously Active,yes,
Bob Moses,Love Brand New,love brand new,Love Brand New | United States | 4/1/25,Showcase,SINGLE,United States,USD,250.0,250.0,14001.0,637.0,436.0,2.75,1199,0.5734,0.20851,3.06,4.55,2022-01-14,2025-04-01,2025-04-02,1173,1,2025,Total,yes,
Bob Moses,The Silence in Between,the silence in between,The Silence in Between | United States | 4/7/25,Showcase,ALBUM,United States,USD,249.6,249.6,11596.0,624.0,591.0,6.39,3776,0.4223,0.06609,5.13,5.381,2022-03-04,2025-04-07,2025-04-21,1130,14,2025,Total,yes,
Boogie T,Choppa,choppa,Choppa | United States | 12/23/24,Showcase,SINGLE,United States,USD,998.2,998.2,118518.0,3565.0,3038.0,1.8,5468,0.3286,0.18254,2.6,3.008,2024-12-19,2024-12-23,2025-01-06,4,14,2024,Default Audience,yes,
Boogie T,Encore,encore,Encore | United States | 3/2/24,Marquee,SINGLE,United States,USD,187.6,187.6,2814.0,536.0,747.0,2.82,2107,0.2511,0.08906,26.47,19.048,2024-02-23,2024-03-02,2024-03-12,8,10,2024,Default Audience,yes,
Boogie T,Live From Spring Adventure,live from spring adventure,Live from Spring Adventure | United States | 9/25/23,Marquee,ALBUM,United States,USD,1307.08,1307.08,28903.0,3188.0,2175.0,7.78,16922,0.601,0.07724,7.52,11.03,2023-09-20,2023-09-25,2023-10-05,5,10,2023,Reachable Audience,yes,
Boogie T,Lotis Eater,lotis eater,Lotis Eater | United States | 2/23/26,Showcase,SINGLE,United States,USD,450.0,450.0,31561.0,1636.0,2294.0,2.54,5827,0.1962,0.07723,7.31,5.184,2026-02-20,2026-02-23,2026-02-24,3,1,2026,Default Audience,yes,
Boogie T,On The Rocks,on the rocks,On The Rocks | United States | 3/25/24,Marquee,SINGLE,United States,USD,0.0,0.0,0.0,0.0,0.0,0.0,,,,0,,2024-03-22,2024-03-25,2024-04-04,3,10,2024,Default Audience,no,zero spend; no attributed-stream estimate
Boogie T,Psych,psych,Psych | United States | 3/17/25,Showcase,SINGLE,United States,USD,1145.2,1145.2,73645.0,4090.0,5063.0,2.71,13721,0.2262,0.08346,6.84,5.554,2025-03-13,2025-03-17,2025-03-31,4,14,2025,Default Audience,yes,
Boogie T,The Archives,the archives,The Archives | United States | 7/3/23,Marquee,EP,United States,USD,2000.0,2000.0,60875.0,4468.0,4524.0,5.16,23344,0.4421,0.08568,7.43,7.34,2023-06-28,2023-07-03,2023-07-05,5,2,2023,Reachable Audience,yes,
Borgore,AIRPLANE MODE,airplane mode,AIRPLANE MODE | United States | 8/1/25,Marquee,SINGLE,United States,USD,250.0,250.0,12119.0,568.0,455.0,2.15,978,0.5495,0.25556,3.68,4.687,2025-07-25,2025-08-01,2025-08-02,7,1,2025,Total,yes,
Borgore,AIRPLANE MODE,airplane mode,AIRPLANE MODE | United States | 8/8/25,Showcase,SINGLE,United States,USD,250.0,250.0,27226.0,791.0,580.0,2.37,1375,0.431,0.18187,2.15,2.905,2025-07-25,2025-08-08,2025-08-09,14,1,2025,Total,yes,
Borgore,CHIAROSCURO,chiaroscuro,CHIAROSCURO | United States | 4/8/24,Marquee,ALBUM,United States,USD,1000.0,1000.0,16255.0,2408.0,2438.0,8.38,20430,0.4102,0.04895,15,14.814,2024-03-29,2024-04-08,2024-04-11,10,3,2024,Total,yes,
Borgore,COLLABORATIVE EXTENDED PLAY,collaborative extended play,COLLABORATIVE EXTENDED PLAY | Australia | 6/29/26,Showcase,EP,Australia,USD,222.58,222.58,22849.0,718.0,435.0,4.03,1753,0.5117,0.12697,1.9,3.142,2026-06-18,2026-06-29,2026-07-13,11,14,2026,Total,yes,
Borgore,COLLABORATIVE EXTENDED PLAY,collaborative extended play,COLLABORATIVE EXTENDED PLAY | Canada | 6/29/26,Showcase,EP,Canada,USD,227.46,227.46,26342.0,669.0,425.0,4.82,2048,0.5352,0.11104,1.64,2.54,2026-06-19,2026-06-29,2026-07-13,10,14,2026,Total,yes,
Borgore,COLLABORATIVE EXTENDED PLAY,collaborative extended play,COLLABORATIVE EXTENDED PLAY | United States | 6/29/26,Marquee,EP,United States,USD,600.0,600.0,15697.0,1285.0,934.0,5.09,4754,0.6424,0.12621,5.95,8.186,2026-06-19,2026-06-29,2026-07-09,10,10,2026,Total,yes,
Borgore,FIX ME UP,fix me up,FIX ME UP 2 | United States | 6/16/25,Showcase,SINGLE,United States,USD,500.0,500.0,29343.0,1728.0,1398.0,2.72,3803,0.3577,0.13149,4.77,5.889,2025-05-30,2025-06-16,2025-06-17,17,1,2025,Default Audience,yes,
Borgore,FIX ME UP,fix me up,FIX ME UP | United States | 6/9/25,Marquee,SINGLE,United States,USD,500.0,500.0,14837.0,1181.0,1001.0,3.12,3123,0.4995,0.1601,6.74,7.96,2025-05-30,2025-06-09,2025-06-10,10,1,2025,Total,yes,
Borgore,TORN UP,torn up,TORN UP | Mexico | 12/18/25,Showcase,SINGLE,Mexico,USD,250.0,250.0,34254.0,1087.0,654.0,1.75,1144,0.3823,0.21844,1.92,3.173,2025-12-12,2025-12-18,2025-12-24,6,6,2025,Total,yes,
Borgore,TORN UP,torn up,TORN UP | Mexico | 12/18/25,Marquee,SINGLE,Mexico,USD,164.0,164.0,10144.0,714.0,437.0,2.02,883,0.3753,0.18579,4.27,7.039,2025-12-12,2025-12-18,2025-12-20,6,2,2025,Total,yes,
Borgore,TORN UP,torn up,TORN UP | United States | 12/18/25,Marquee,SINGLE,United States,USD,336.0,336.0,8404.0,841.0,718.0,2.21,1587,0.468,0.21175,8.49,10.007,2025-12-12,2025-12-18,2025-12-19,6,1,2025,Total,yes,
Borgore,Tonight (I’m Sorry),tonight im sorry,Tonight (I’m Sorry) | Australia | 1/12/26,Marquee,SINGLE,Australia,USD,250.0,250.0,10328.0,1043.0,724.0,1.75,1267,0.3453,0.19732,6.81,10.099,2026-01-01,2026-01-12,2026-01-13,11,1,2026,Total,yes,
Borgore,Tonight (I’m Sorry),tonight im sorry,Tonight (I’m Sorry) | Canada | 1/12/26,Marquee,SINGLE,Canada,USD,250.0,250.0,4210.0,582.0,421.0,2.78,1170,0.5938,0.21361,9.96,13.824,2026-01-02,2026-01-12,2026-01-22,10,10,2026,Total,yes,
Borgore,Tonight (I’m Sorry),tonight im sorry,Tonight (I’m Sorry) | Canada | 1/12/26,Showcase,SINGLE,Canada,USD,250.0,250.0,20788.0,758.0,579.0,2.57,1488,0.4318,0.16801,2.81,3.646,2026-01-02,2026-01-12,2026-01-26,10,14,2026,Total,yes,
Borgore,Tonight (I’m Sorry),tonight im sorry,Tonight (I’m Sorry) | United Kingdom | 1/12/26,Showcase,SINGLE,United Kingdom,USD,250.0,250.0,18658.0,544.0,365.0,2.13,777,0.6849,0.32156,1.96,2.916,2026-01-02,2026-01-12,2026-01-14,10,2,2026,Total,yes,
Borgore,Tonight (I’m Sorry),tonight im sorry,Tonight (I’m Sorry) | United States | 1/12/26,Marquee,SINGLE,United States,USD,500.0,500.0,13571.0,1137.0,1036.0,2.9,3004,0.4826,0.16642,7.48,8.378,2026-01-02,2026-01-12,2026-01-13,10,1,2026,Total,yes,
Borgore,Way Up,way up,Way Up | United States | 11/3/22,Marquee,SINGLE,United States,USD,2000.0,2000.0,32099.0,3637.0,2980.0,2.94,8761,0.6711,0.22828,9.25,11.331,2022-10-21,2022-11-03,2022-11-05,13,2,2022,Total,yes,
EAZYBAKED,INTERTWINED,intertwined,Intertwined | United States | 3/4/22,Marquee,ALBUM,United States,USD,500.0,500.0,4417.0,1001.0,1600.0,13.48,21568,0.3125,0.02318,35.92,22.662,2022-03-04,2022-03-04,2022-03-06,0,2,2022,Reachable Audience,yes,
EAZYBAKED,Respawn,respawn,Respawn | United States | 2/24/25,Marquee,EP,United States,USD,500.0,500.0,12212.0,1317.0,992.0,4.32,4285,0.504,0.11667,8.01,10.784,2025-02-14,2025-02-24,2025-02-25,10,1,2025,Default Audience,yes,
EAZYBAKED,Rollin' Deep,rollin deep,Rollin' Deep | United States | 3/8/24,Marquee,SINGLE,United States,USD,270.5,270.5,2123.0,541.0,543.0,1.84,999,0.4982,0.27074,25.26,25.483,2024-02-23,2024-03-08,2024-03-18,14,10,2024,Default Audience,yes,
EAZYBAKED,The Antennae,the antennae,The Antennae | United States | 12/21/25,Marquee,ALBUM,United States,USD,188.7,188.7,7521.0,510.0,620.0,7.67,4755,0.3044,0.03968,8.16,6.781,2025-12-12,2025-12-21,2025-12-31,9,10,2025,Total,yes,
Elderbrook,Bette Davis Eyes,bette davis eyes,Bette Davis Eyes | Germany | 12/12/25,Showcase,SINGLE,Germany,USD,224.0,224.0,25356.0,935.0,867.0,4.7,4075,0.2584,0.05497,3.44,3.687,2025-12-04,2025-12-12,2025-12-26,8,14,2025,Total,yes,
Elderbrook,Bette Davis Eyes,bette davis eyes,Bette Davis Eyes | Poland | 12/12/25,Showcase,SINGLE,Poland,USD,136.0,136.0,18389.0,475.0,410.0,4.84,1984,0.3317,0.06853,2.18,2.583,2025-12-04,2025-12-12,2025-12-14,8,2,2025,Total,yes,
Elderbrook,Bette Davis Eyes,bette davis eyes,Bette Davis Eyes | United Kingdom | 12/12/25,Showcase,SINGLE,United Kingdom,USD,319.0,319.0,54142.0,1000.0,923.0,3.73,3443,0.3456,0.09266,1.72,1.847,2025-12-05,2025-12-12,2025-12-14,7,2,2025,Total,yes,
Elderbrook,Bette Davis Eyes,bette davis eyes,Bette Davis Eyes | United States | 12/12/25,Showcase,SINGLE,United States,USD,319.0,319.0,34249.0,1140.0,1196.0,4.39,5250,0.2667,0.06076,3.49,3.329,2025-12-05,2025-12-12,2025-12-14,7,2,2025,Total,yes,
Elderbrook,Teardrop,teardrop,Teardrop | United Kingdom | 10/25/25,Marquee,SINGLE,United Kingdom,USD,333.0,333.0,9551.0,740.0,493.0,3.86,1903,0.6755,0.17499,5.11,7.748,2025-10-14,2025-10-25,2025-10-26,11,1,2025,Total,yes,
Elderbrook,Teardrop,teardrop,Teardrop | United States | 10/27/25,Showcase,SINGLE,United States,USD,333.0,333.0,25278.0,1197.0,1017.0,3.38,3437,0.3274,0.09687,4.08,4.735,2025-10-15,2025-10-27,2025-10-28,12,1,2025,Default Audience,yes,
GRiZ,BBFL,bbfl,BBFL | United States | 4/23/26,Showcase,SINGLE,United States,USD,1000.0,1000.0,36405.0,3386.0,3204.0,2.25,7209,0.3121,0.13872,8.76,9.301,2026-04-17,2026-04-23,2026-05-07,6,14,2026,Total,yes,
GRiZ,Chaos Theory,chaos theory,Chaos Theory | United States | 6/2/25,Showcase,SINGLE,United States,USD,500.0,500.0,11093.0,1494.0,1701.0,2.54,4321,0.2939,0.11573,15.27,13.468,2025-05-30,2025-06-02,2025-06-04,3,2,2025,Total,yes,
GRiZ,Coast 2 Coast,coast 2 coast,Coast 2 Coast ft. Flowdan | United States | 7/21/25,Showcase,SINGLE,United States,USD,2000.0,2000.0,696855.0,21485.0,22759.0,2.21,50297,0.0879,0.03976,3.29,3.083,2025-07-18,2025-07-21,2025-07-22,3,1,2025,Total,yes,
GRiZ,Color Of Your Soul,color of your soul,Color Of Your Soul | United States | 2/11/22,Marquee,SINGLE,United States,USD,750.0,750.0,14863.0,1633.0,1385.0,1.88,2604,0.5415,0.28804,9.25,10.987,2022-02-04,2022-02-11,2022-02-11,7,0,2022,Lapsed,yes,
GRiZ,Light You Up,light you up,Light You Up ft. CREG | United States | 11/20/25,Showcase,SINGLE,United States,USD,1000.0,1000.0,92820.0,3035.0,5707.0,2.61,14895,0.1752,0.06714,5.96,3.27,2025-11-14,2025-11-20,2025-11-22,6,2,2025,Total,yes,
GRiZ,Nobody Else,nobody else,Nobody Else (with Kaleena Zanders) | United States | 12/22/25,Showcase,SINGLE,United States,USD,500.0,500.0,27200.0,1563.0,2157.0,2.66,5738,0.2318,0.08714,8.09,5.746,2025-12-19,2025-12-22,2025-12-23,3,1,2025,Total,yes,
GRiZ,Rainbow Brain,rainbow brain,Rainbow Brain | United States | 8/4/21,Marquee,ALBUM,United States,USD,0.0,0.0,0.0,0.0,0.0,0.0,,,,0,,2021-07-24,2021-08-04,2021-08-04,11,0,2021,Reachable Audience,no,zero spend; no attributed-stream estimate
Gramatik,Aequoreus,aequoreus,Aequoreus | United States | 3/6/25,Marquee,ALBUM,United States,USD,1000.0,1000.0,28687.0,2635.0,2106.0,8.63,18175,0.4748,0.05502,7.34,9.185,2025-02-21,2025-03-06,2025-03-07,13,1,2025,Default Audience,yes,
Gramatik,Crossroads City,crossroads city,Crossroads City | France | 2/6/26,Marquee,SINGLE,France,USD,250.0,250.0,5762.0,539.0,312.0,1.61,502,0.8013,0.49769,5.41,9.354,2026-01-29,2026-02-06,2026-02-07,8,1,2026,Total,yes,
Gramatik,Crossroads City,crossroads city,Crossroads City | United States | 2/6/26,Marquee,SINGLE,United States,USD,250.0,250.0,4328.0,456.0,309.0,1.64,507,0.8091,0.49333,7.13,10.536,2026-01-30,2026-02-06,2026-02-07,7,1,2026,Total,yes,
Gramatik,Dante’s Paradiso,dantes paradiso,Dante’s Paradiso | United States | 9/5/24,Marquee,SINGLE,United States,USD,1000.0,1000.0,24828.0,2175.0,1523.0,1.76,2680,0.6566,0.37307,6.13,8.76,2024-08-30,2024-09-05,2024-09-07,6,2,2024,Total,yes,
Gramatik,Good Love,good love,Good Love | United States | 9/1/23,Marquee,SINGLE,United States,USD,1000.0,1000.0,15222.0,2177.0,1396.0,1.86,2597,0.7163,0.38512,9.17,14.302,2023-08-25,2023-09-01,2023-09-02,7,1,2023,Total,yes,
Gramatik,I'm A Problem,im a problem,I'm A Problem | United States | 1/27/25,Marquee,SINGLE,United States,USD,252.32,252.32,7282.0,664.0,520.0,1.55,806,0.4852,0.31305,7.12,9.118,2025-01-24,2025-01-27,2025-01-28,3,1,2025,Default Audience,yes,
Gramatik,Ice Machine,ice machine,Ice Machine | United States | 2/8/24,Marquee,SINGLE,United States,USD,1000.0,1000.0,18905.0,2635.0,2393.0,1.89,4523,0.4179,0.2211,12.51,13.938,2024-02-02,2024-02-08,2024-02-16,6,8,2024,Default Audience,yes,
Gramatik,No Place Like NYC,no place like nyc,No Place Like NYC | United States | 5/15/23,Marquee,SINGLE,United States,USD,1000.0,1000.0,23367.0,2200.0,1611.0,1.65,2658,0.6207,0.3762,6.89,9.415,2023-05-05,2023-05-15,2023-05-17,10,2,2023,Total,yes,
Gramatik,Nowhere,nowhere,Nowhere | United States | 2/17/25,Marquee,SINGLE,United States,USD,1000.0,1000.0,47953.0,2176.0,1318.0,1.57,2069,0.7587,0.48326,2.74,4.538,2025-02-14,2025-02-17,2025-02-20,3,3,2025,Total,yes,
Gramatik,Poseidon's Revenge,poseidons revenge,Poseidon's Revenge | United States | 10/24/24,Marquee,SINGLE,United States,USD,1000.0,1000.0,38946.0,3324.0,2466.0,1.78,4389,0.4055,0.22782,6.3,8.535,2024-10-18,2024-10-24,2024-10-25,6,1,2024,Default Audience,yes,
Gramatik,Queen,queen,Queen | United States | 5/3/24,Marquee,SINGLE,United States,USD,1000.0,1000.0,22004.0,2387.0,2025.0,1.78,3604,0.4938,0.27743,9.18,10.848,2024-04-26,2024-05-03,2024-05-05,7,2,2024,Total,yes,
Gramatik,Replicore Memory,replicore memory,Replicore Memory | United States | 12/11/24,Marquee,SINGLE,United States,USD,1000.0,1000.0,22954.0,2195.0,1403.0,1.64,2301,0.7128,0.43461,6.11,9.563,2024-12-06,2024-12-11,2024-12-12,5,1,2024,Potential,yes,
Gramatik,Ten More Miles,ten more miles,Ten More Miles | United States | 2/18/24,Showcase,SINGLE,United States,USD,500.0,500.0,53021.0,1669.0,1006.0,1.61,1620,0.497,0.30871,1.9,3.148,2023-02-10,2024-02-18,2024-02-26,373,8,2024,Default Audience,yes,
Gramatik,Ten More Miles,ten more miles,Ten More Miles | United States | 2/24/23,Marquee,SINGLE,United States,USD,1000.0,1000.0,16042.0,2229.0,1530.0,1.61,2463,0.6536,0.40596,9.45,13.895,2023-02-10,2023-02-24,2023-02-26,14,2,2023,Total,yes,
Gramatik,The Istrian Job,the istrian job,The Istrian Job | United States | 7/1/24,Marquee,SINGLE,United States,USD,1000.0,1000.0,35447.0,2644.0,2571.0,1.81,4654,0.389,0.21489,7.25,7.459,2024-06-28,2024-07-01,2024-07-03,3,2,2024,Default Audience,yes,
Gramatik,The Montauk,the montauk,The Montauk | France | 5/18/26,Marquee,SINGLE,France,USD,234.0,234.0,7567.0,837.0,584.0,1.79,1045,0.4007,0.22385,7.7,11.061,2026-04-30,2026-05-18,2026-05-28,18,10,2026,Total,yes,
Gramatik,The Montauk,the montauk,The Montauk | United States | 5/18/26,Marquee,SINGLE,United States,USD,266.0,266.0,6556.0,724.0,551.0,1.78,981,0.4828,0.27121,8.34,11.043,2026-05-01,2026-05-18,2026-05-28,17,10,2026,Total,yes,
Gramatik,Within Cells Interlinked,within cells interlinked,Within Cells Interlinked | France | 3/30/26,Showcase,SINGLE,France,USD,248.4,248.4,45109.0,1080.0,826.0,1.46,1206,0.3007,0.20598,1.82,2.394,2026-03-19,2026-03-30,2026-04-13,11,14,2026,Total,yes,
Gramatik,Within Cells Interlinked,within cells interlinked,Within Cells Interlinked | Germany | 3/30/26,Showcase,SINGLE,Germany,USD,237.25,237.25,46277.0,949.0,607.0,1.4,850,0.3909,0.27918,1.33,2.051,2026-03-19,2026-03-30,2026-04-13,11,14,2026,Total,yes,
Gramatik,Within Cells Interlinked,within cells interlinked,Within Cells Interlinked | United States | 3/30/26,Marquee,SINGLE,United States,USD,250.0,250.0,6343.0,681.0,522.0,1.62,846,0.4789,0.29563,8.22,10.736,2026-03-20,2026-03-30,2026-04-09,10,10,2026,Total,yes,
Hayden James,Beggin' You,beggin you,Beggin' You | United States | 11/20/23,Marquee,SINGLE,United States,AUD,1000.0,702.0,11632.0,1415.0,1049.0,2.07,2171,0.6692,0.32329,9,12.165,2023-11-08,2023-11-20,2023-11-21,12,1,2023,Total,yes,
Hayden James,Follow Me,follow me,Follow Me 2 | United States | 6/16/25,Marquee,SINGLE,United States,AUD,900.0,631.8,14912.0,1073.0,895.0,2.51,2246,0.7059,0.28124,5.98,7.196,2025-06-13,2025-06-16,2025-06-17,3,1,2025,Total,yes,
Hayden James,Follow Me,follow me,Follow Me | Australia | 6/16/25,Marquee,SINGLE,Australia,AUD,600.0,421.2,16908.0,1204.0,945.0,2.6,2457,0.4457,0.17143,5.54,7.121,2025-06-12,2025-06-16,2025-06-17,4,1,2025,Total,yes,
Hayden James,We Could Be Love,we could be love,We Could Be Love 2 | United Kingdom | 9/16/24,Marquee,ALBUM,United Kingdom,AUD,450.0,315.9,9613.0,705.0,396.0,7.76,3073,0.7977,0.1028,4.1,7.334,2024-09-12,2024-09-16,2024-09-17,4,1,2024,Total,yes,
Hayden James,We Could Be Love,we could be love,We Could Be Love 3 | United States | 9/16/24,Marquee,ALBUM,United States,AUD,600.0,421.2,9066.0,969.0,808.0,8.55,6908,0.5213,0.06097,8.86,10.688,2024-09-13,2024-09-16,2024-09-17,3,1,2024,Total,yes,
Hayden James,We Could Be Love,we could be love,We Could Be Love | Australia | 9/16/24,Marquee,ALBUM,Australia,AUD,450.0,315.9,10461.0,1217.0,1086.0,10.05,10914,0.2909,0.02894,10.38,11.634,2024-09-12,2024-09-16,2024-09-17,4,1,2024,Total,yes,
Hayden James,We Could Be Love,we could be love,We Could Be Love 2 | United States | 9/4/23,Marquee,SINGLE,United States,AUD,700.0,491.4,8636.0,987.0,803.0,3.78,3035,0.612,0.16189,9.28,11.429,2023-08-31,2023-09-04,2023-09-05,4,1,2023,Total,yes,
Hayden James,We Could Be Love,we could be love,We Could Be Love | Australia | 9/4/23,Marquee,SINGLE,Australia,AUD,500.0,351.0,13181.0,1236.0,1070.0,3.74,4002,0.328,0.08771,8.11,9.377,2023-08-30,2023-09-04,2023-09-08,5,4,2023,Total,yes,
KSHMR,All Night,all night,All Night | United States | 2/15/24,Showcase,SINGLE,United States,USD,500.0,500.0,25163.0,1253.0,1080.0,3.0,3240,0.463,0.15432,4.32,4.98,2024-02-09,2024-02-15,2024-02-20,6,5,2024,Default Audience,yes,
KSHMR,Bass Down Low [Trap Version],bass down low trap version,Bass Down Low (feat. DEV) [Trap Version] | United States | 2/16/26,Marquee,SINGLE,United States,USD,500.0,500.0,20103.0,2079.0,1437.0,2.01,2888,0.3479,0.17311,7.13,10.342,2026-02-06,2026-02-16,2026-02-17,10,1,2026,Default Audience,yes,
KSHMR,Bass Down Low [Trap Version],bass down low trap version,Bass Down Low (feat. DEV) [Trap Version] | United States | 2/16/26,Showcase,SINGLE,United States,USD,500.0,500.0,44473.0,2275.0,1570.0,2.21,3470,0.3185,0.1441,3.56,5.115,2026-02-06,2026-02-16,2026-02-18,10,2,2026,Total,yes,
KSHMR,Radiate,radiate,Radiate (feat. Hayley May) | Germany | 9/25/25,Marquee,SINGLE,Germany,USD,500.0,500.0,11750.0,1524.0,935.0,2.68,2506,0.5348,0.19954,7.78,12.97,2025-09-11,2025-09-25,2025-10-05,14,10,2025,Total,yes,
KSHMR,Radiate,radiate,Radiate (feat. Hayley May) | United States | 9/25/25,Showcase,SINGLE,United States,USD,500.0,500.0,76598.0,1617.0,1241.0,2.58,3202,0.4029,0.15616,1.64,2.111,2025-09-12,2025-09-25,2025-09-27,13,2,2025,Total,yes,
KSHMR,Wild Ride,wild ride,Wild Ride | United States | 7/21/25,Showcase,SINGLE,United States,USD,502.0,502.0,239413.0,7477.0,5145.0,2.79,14355,0.0976,0.03497,2.18,3.123,2025-06-27,2025-07-21,2025-07-22,24,1,2025,Total,yes,
LSDREAM,DESTINY,destiny,DESTINY 2 | United States | 9/13/24,Showcase,SINGLE,United States,USD,249.84,249.84,21372.0,694.0,613.0,1.83,1122,0.4076,0.22272,2.9,3.247,2024-08-23,2024-09-13,2024-09-27,21,14,2024,Total,yes,
LSDREAM,DESTINY,destiny,DESTINY | Canada | 9/13/24,Showcase,SINGLE,Canada,USD,250.0,250.0,27921.0,928.0,674.0,2.19,1476,0.3709,0.16937,2.4,3.324,2024-08-23,2024-09-13,2024-09-15,21,2,2024,Total,yes,
LSDREAM,KOOLAID MAN,koolaid man,KOOLAID MAN | United States | 5/28/26,Showcase,SINGLE,United States,USD,250.0,250.0,10894.0,839.0,718.0,2.11,1515,0.3482,0.16502,6.51,7.701,2026-05-01,2026-05-28,2026-06-11,27,14,2026,Previously Active,yes,
LSDREAM,LOST,lost,LOST | United States | 2/28/25,Marquee,SINGLE,United States,USD,250.0,250.0,6059.0,544.0,485.0,2.38,1154,0.5155,0.21658,7.95,8.978,2025-02-21,2025-02-28,2025-03-03,7,3,2025,Total,yes,
LSDREAM,LOST,lost,LOST 2 | United States | 3/7/25,Showcase,SINGLE,United States,USD,249.6,249.6,10085.0,832.0,776.0,2.14,1661,0.3216,0.1503,7.63,8.25,2025-02-21,2025-03-07,2025-03-21,14,14,2025,Total,yes,
LSDREAM,LSZEE,lszee,LSZEE 3 | United States | 10/11/24,Showcase,ALBUM,United States,USD,500.0,500.0,70192.0,1673.0,2057.0,6.58,13535,0.2431,0.03694,2.92,2.383,2024-09-27,2024-10-11,2024-10-12,14,1,2024,Default Audience,yes,
LSDREAM,LSZEE,lszee,LSZEE 4 | Canada | 10/11/24,Showcase,ALBUM,Canada,USD,499.62,499.62,74968.0,2271.0,1632.0,6.14,10020,0.3061,0.04986,2.17,3.029,2024-09-27,2024-10-11,2024-10-25,14,14,2024,Default Audience,yes,
LSDREAM,LSZEE,lszee,LSZEE 2 | Canada | 10/4/24,Marquee,ALBUM,Canada,USD,750.0,750.0,18692.0,2505.0,2045.0,10.0,20450,0.3667,0.03667,10.93,13.401,2024-09-27,2024-10-04,2024-10-06,7,2,2024,Total,yes,
LSDREAM,LSZEE,lszee,LSZEE | United States | 10/4/24,Marquee,ALBUM,United States,USD,750.0,750.0,11759.0,1639.0,2043.0,10.52,21492,0.3671,0.0349,17.24,13.938,2024-09-27,2024-10-04,2024-10-05,7,1,2024,Total,yes,
LSDREAM,LSZEE: ENIGMA MIXTAPE,lszee enigma mixtape,LSZEE: ENIGMA MIXTAPE | United States | 6/20/25,Marquee,ALBUM,United States,USD,250.0,250.0,6363.0,671.0,656.0,13.5,8856,0.3811,0.02823,10.28,10.545,2025-06-12,2025-06-20,2025-06-21,8,1,2025,Total,yes,
Pretty Girl,Body Step,body step,Body Step | Australia | 7/15/26,Marquee,SINGLE,Australia,AUD,577.0,405.05,23328.0,1521.0,1359.0,3.52,4784,0.2981,0.08467,5.82,6.52,2026-07-07,2026-07-15,2026-07-17,8,2,2026,Total,yes,
Pretty Girl,Body Step,body step,Body Step | United Kingdom | 7/15/26,Marquee,SINGLE,United Kingdom,AUD,577.0,405.05,11297.0,963.0,1021.0,3.8,3880,0.3967,0.1044,9.04,8.524,2026-07-07,2026-07-15,2026-07-17,8,2,2026,Total,yes,
Pretty Girl,Body Step,body step,Body Step | United States | 7/15/26,Marquee,SINGLE,United States,AUD,577.0,405.05,15150.0,1032.0,989.0,3.34,3303,0.4096,0.12262,6.43,6.812,2026-07-08,2026-07-15,2026-07-17,7,2,2026,Total,yes,
Rhye,Hold On,hold on,Hold On | Mexico | 12/17/25,Marquee,SINGLE,Mexico,USD,500.0,500.0,18078.0,3382.0,2781.0,2.38,6619,0.1798,0.07554,15.38,18.708,2025-12-04,2025-12-17,2025-12-18,13,1,2025,Total,yes,
Rhye,Hold On,hold on,Hold On | United States | 12/17/25,Marquee,SINGLE,United States,USD,1000.0,1000.0,20021.0,3448.0,2606.0,2.11,5499,0.3837,0.18186,13.01,17.222,2025-12-04,2025-12-17,2025-12-18,13,1,2025,Total,yes,
Rhye,JOY,joy,JOY | Canada | 7/13/26,Showcase,EP,Canada,USD,500.0,500.0,60760.0,1675.0,1258.0,5.89,7410,0.3975,0.06748,2.06,2.757,2026-06-12,2026-07-13,2026-07-14,31,1,2026,Total,yes,
Rhye,JOY,joy,JOY | Mexico | 7/13/26,Showcase,EP,Mexico,USD,500.0,500.0,86599.0,2600.0,2946.0,6.28,18501,0.1697,0.02703,3.4,3.002,2026-06-12,2026-07-13,2026-07-14,31,1,2026,Total,yes,
Rhye,JOY,joy,JOY | United States | 7/13/26 #1,Showcase,EP,United States,USD,500.0,500.0,40409.0,1750.0,1439.0,6.53,9397,0.3475,0.05321,3.63,4.331,2026-06-12,2026-07-13,2026-07-14,31,1,2026,Total,yes,
Rhye,JOY,joy,JOY | United States | 7/13/26 #2,Showcase,EP,United States,USD,500.0,500.0,19027.0,1614.0,1243.0,6.15,7644,0.4023,0.06541,6.56,8.483,2026-06-12,2026-07-13,2026-07-27,31,14,2026,Total,yes,
Rhye,Love Affair,love affair,Love Affair 2 | Mexico | 10/23/24,Marquee,SINGLE,Mexico,USD,750.0,750.0,26505.0,3411.0,2590.0,2.43,6294,0.2896,0.11917,9.76,12.869,2024-10-16,2024-10-23,2024-10-24,7,1,2024,Total,yes,
Rhye,Love Affair,love affair,Love Affair 3 | Germany | 10/23/24,Marquee,SINGLE,Germany,USD,750.0,750.0,19213.0,2285.0,1456.0,2.54,3698,0.5151,0.2028,7.45,11.893,2024-10-15,2024-10-23,2024-10-24,8,1,2024,Total,yes,
Rhye,Love Affair,love affair,Love Affair 4 | United Kingdom | 10/23/24,Marquee,SINGLE,United Kingdom,USD,500.0,500.0,10400.0,1169.0,800.0,2.55,2040,0.625,0.2451,7.68,11.24,2024-10-15,2024-10-23,2024-10-24,8,1,2024,Total,yes,
Rhye,Passing,passing,Passing 2 | Mexico | 3/25/23,Marquee,EP,Mexico,USD,200.0,200.0,5193.0,770.0,552.0,4.67,2578,0.3623,0.07758,10.63,14.828,2023-03-10,2023-03-25,2023-04-01,15,7,2023,Total,yes,
Rhye,Passing,passing,Passing 3 | Germany | 3/25/23,Marquee,EP,Germany,USD,200.0,200.0,3703.0,622.0,443.0,4.61,2042,0.4515,0.09793,11.95,16.797,2023-03-10,2023-03-25,2023-03-26,15,1,2023,Total,yes,
Rhye,Passing,passing,Passing | United States | 3/25/23,Marquee,EP,United States,USD,300.0,300.0,3035.0,653.0,481.0,4.72,2270,0.6237,0.13214,15.72,21.516,2023-03-10,2023-03-25,2023-03-26,15,1,2023,Total,yes,
Zingara,For The Crystal Children,for the crystal children,For The Crystal Children | United States | 11/8/24,Marquee,EP,United States,USD,299.88,299.88,6247.0,714.0,664.0,5.19,3446,0.4516,0.08702,10.63,11.429,2024-11-01,2024-11-08,2024-11-18,7,10,2024,Total,yes,
Zingara,Parallel Spirits,parallel spirits,Parallel Spirits | United States | 2/6/26,Showcase,SINGLE,United States,USD,500.0,500.0,28921.0,1390.0,1411.0,3.64,5136,0.3544,0.09735,4.88,4.806,2026-01-28,2026-02-06,2026-02-07,9,1,2026,Total,yes,
Zingara,Telekinesis,telekinesis,Telekinesis | United States | 7/8/26,Showcase,SINGLE,United States,USD,500.0,500.0,25064.0,1625.0,1670.0,2.35,3924,0.2994,0.1274,6.66,6.483,2026-06-24,2026-07-08,2026-07-09,14,1,2026,Total,yes,
Zingara,The Magic Garden,the magic garden,The Magic Garden | United States | 1/12/26,Showcase,EP,United States,USD,156.0,156.0,11238.0,573.0,544.0,5.54,3014,0.2868,0.05176,4.87,5.099,2025-12-12,2026-01-12,2026-01-13,31,1,2026,Total,yes,
Zingara,The Magic Garden,the magic garden,The Magic Garden | United States | 1/5/26,Showcase,EP,United States,USD,94.36,94.36,6512.0,337.0,288.0,4.9,1411,0.3276,0.06687,4.4,5.175,2025-12-12,2026-01-05,2026-01-05,24,0,2026,Total,yes,
Zingara,The Magic Garden,the magic garden,The Magic Garden | United States | 12/18/25,Marquee,EP,United States,USD,250.0,250.0,5879.0,715.0,647.0,6.16,3986,0.3864,0.06273,10.99,12.162,2025-12-12,2025-12-18,2025-12-19,6,1,2025,Total,yes,
Zomboy,Dead Man Walking Pt. 2,dead man walking pt 2,Dead Man Walking Pt. 2 3 | United States | 11/11/24,Showcase,EP,United States,USD,500.0,500.0,74216.0,1792.0,1138.0,4.82,5485,0.4394,0.09116,1.54,2.415,2024-10-25,2024-11-11,2024-11-13,17,2,2024,Default Audience,yes,
Zomboy,Dead Man Walking Pt. 2,dead man walking pt 2,Dead Man Walking Pt. 2 4 | Mexico | 11/11/24,Showcase,EP,Mexico,USD,500.0,500.0,100316.0,3156.0,1201.0,3.17,3807,0.4163,0.13133,1.19,3.146,2024-10-25,2024-11-11,2024-11-13,17,2,2024,Default Audience,yes,
Zomboy,Dead Man Walking Pt. 2,dead man walking pt 2,Dead Man Walking Pt. 2 5 | Canada | 11/11/24,Showcase,EP,Canada,USD,498.4,498.4,76916.0,2492.0,1338.0,3.75,5018,0.3725,0.09933,1.77,3.24,2024-10-25,2024-11-11,2024-11-25,17,14,2024,Default Audience,yes,
Zomboy,Dead Man Walking Pt. 2,dead man walking pt 2,Dead Man Walking Pt. 2 6 | United States | 11/11/24,Showcase,EP,United States,USD,500.0,500.0,74148.0,1805.0,1101.0,4.47,4921,0.4541,0.1016,1.5,2.434,2024-10-25,2024-11-11,2024-11-13,17,2,2024,Default Audience,yes,
Zomboy,Dead Man Walking Pt. 2,dead man walking pt 2,Dead Man Walking Pt. 2 2 | Mexico | 11/4/24,Marquee,EP,Mexico,USD,300.0,300.0,11997.0,1367.0,948.0,5.63,5337,0.3165,0.05621,7.81,11.395,2024-10-25,2024-11-04,2024-11-14,10,10,2024,Total,yes,
Zomboy,Dead Man Walking Pt. 2,dead man walking pt 2,Dead Man Walking Pt. 2 | United States | 11/4/24,Marquee,EP,United States,USD,500.0,500.0,9041.0,1192.0,915.0,6.18,5655,0.5464,0.08842,10.03,13.184,2024-10-25,2024-11-04,2024-11-05,10,1,2024,Total,yes,
Zomboy,Fallout,fallout,Fallout 2 | United States | 9/11/24,Showcase,SINGLE,United States,USD,500.0,500.0,48432.0,1793.0,1214.0,2.26,2744,0.4119,0.18224,2.51,3.702,2024-08-28,2024-09-11,2024-09-13,14,2,2024,Default Audience,yes,
Zomboy,Fallout,fallout,Fallout 3 | Mexico | 9/11/24,Showcase,SINGLE,Mexico,USD,250.0,250.0,25862.0,1476.0,797.0,1.69,1347,0.3137,0.18561,3.14,5.707,2024-08-28,2024-09-11,2024-09-13,14,2,2024,Default Audience,yes,
Zomboy,Fallout,fallout,Fallout 4 | Canada | 9/11/24,Showcase,SINGLE,Canada,USD,250.0,250.0,30505.0,1195.0,723.0,2.0,1446,0.3458,0.17289,2.37,3.917,2024-08-28,2024-09-11,2024-09-13,14,2,2024,Default Audience,yes,
Zomboy,Fallout,fallout,Fallout 4 | Mexico | 9/9/24,Marquee,SINGLE,Mexico,USD,150.0,150.0,5124.0,682.0,471.0,2.43,1145,0.3185,0.13106,9.12,13.31,2024-08-28,2024-09-09,2024-09-11,12,2,2024,Total,yes,
Zomboy,Lone Wolf,lone wolf,Lone Wolf 2 | United States | 6/7/25,Showcase,SINGLE,United States,USD,300.0,300.0,16287.0,883.0,762.0,1.48,1128,0.3937,0.26601,4.65,5.422,2018-11-16,2025-06-07,2025-06-09,2395,2,2025,Total,yes,
Zomboy,Lone Wolf,lone wolf,Lone Wolf | Mexico | 6/7/25,Showcase,SINGLE,Mexico,USD,100.0,100.0,8287.0,480.0,401.0,1.83,734,0.2494,0.13627,4.78,5.792,2018-11-16,2025-06-07,2025-06-09,2395,2,2025,Total,yes,
Zomboy,Monsters,monsters,Monsters | United States | 9/15/23,Marquee,SINGLE,United States,USD,1000.0,1000.0,16412.0,2238.0,1234.0,1.68,2073,0.8104,0.48236,7.48,13.636,2023-09-08,2023-09-15,2023-09-16,7,1,2023,Total,yes,
Zomboy,Project Z,project z,Project Z 2 | Mexico | 10/7/24,Showcase,SINGLE,Mexico,USD,199.92,199.92,19978.0,1176.0,639.0,1.81,1157,0.3129,0.17285,3.23,5.886,2024-09-27,2024-10-07,2024-10-21,10,14,2024,Default Audience,yes,
Zomboy,Project Z,project z,Project Z 3 | United States | 10/7/24,Showcase,SINGLE,United States,USD,250.0,250.0,32243.0,897.0,748.0,2.06,1541,0.3342,0.16224,2.34,2.782,2024-09-27,2024-10-07,2024-10-08,10,1,2024,Default Audience,yes,
Zomboy,Project Z,project z,Project Z | Mexico | 9/30/24,Marquee,SINGLE,Mexico,USD,150.0,150.0,7401.0,953.0,815.0,2.39,1948,0.184,0.07701,11,12.877,2024-09-27,2024-09-30,2024-10-02,3,2,2024,Total,yes,
Zomboy,Royal Blood,royal blood,Royal Blood 2 | Mexico | 6/16/25,Marquee,SINGLE,Mexico,USD,0.0,0.0,0.0,0.0,0.0,0.0,,,,0,,2025-06-13,2025-06-16,2025-06-26,3,10,2025,Total,no,zero spend; no attributed-stream estimate
Zomboy,Royal Blood,royal blood,Royal Blood 3 | Mexico | 6/16/25,Marquee,SINGLE,Mexico,USD,150.0,150.0,4048.0,655.0,570.0,2.92,1664,0.2632,0.09012,13.93,16.181,2025-06-13,2025-06-16,2025-06-17,3,1,2025,Total,yes,
Zomboy,Royal Blood,royal blood,Royal Blood | United States | 6/16/25,Marquee,SINGLE,United States,USD,450.0,450.0,10556.0,1072.0,1114.0,2.54,2830,0.4039,0.15904,10.54,10.155,2025-06-13,2025-06-16,2025-06-17,3,1,2025,Total,yes,
Âme,Asa,asa,Asa | United States | 7/22/24,Marquee,SINGLE,United States,EUR,150.0,172.8,1741.0,301.0,228.0,2.29,522,0.7579,0.33096,13.01,17.289,2024-07-12,2024-07-22,2024-07-26,10,4,2024,Total,yes,
Âme,Don't Waste My Time,dont waste my time,Don't Waste My Time 2 | Germany | 7/24/25,Showcase,SINGLE,Germany,EUR,90.0,103.68,1747.0,250.0,154.0,2.77,427,0.6732,0.24305,8.85,14.31,2025-07-10,2025-07-24,2025-08-07,14,14,2025,Total,yes,
Âme,Don't Waste My Time,dont waste my time,Don't Waste My Time 3 | United Kingdom | 7/24/25,Showcase,SINGLE,United Kingdom,EUR,90.0,103.68,8183.0,342.0,207.0,2.65,549,0.5009,0.18901,2.51,4.179,2025-07-10,2025-07-24,2025-07-26,14,2,2025,Total,yes,
Âme,Don't Waste My Time,dont waste my time,Don't Waste My Time 4 | Brazil | 7/24/25,Marquee,SINGLE,Brazil,EUR,110.0,126.72,4402.0,409.0,296.0,3.21,950,0.4281,0.13337,6.62,9.291,2025-07-11,2025-07-24,2025-07-25,13,1,2025,Total,yes,
Âme,Don't Waste My Time,dont waste my time,Don't Waste My Time 5 | Italy | 7/24/25,Marquee,SINGLE,Italy,EUR,120.0,138.24,4326.0,406.0,240.0,2.84,682,0.576,0.20282,5.53,9.385,2025-07-10,2025-07-24,2025-07-25,14,1,2025,Total,yes,
Âme,Don't Waste My Time,dont waste my time,Don't Waste My Time | United States | 7/24/25,Showcase,SINGLE,United States,EUR,90.0,103.68,6723.0,269.0,210.0,2.78,584,0.4937,0.1776,3.09,4.001,2025-07-11,2025-07-24,2025-07-26,13,2,2025,Total,yes,
Âme,Howling (Âme Remix),howling me remix,Howling (Âme Remix) 2 | United States | 9/26/24,Showcase,SINGLE,United States,EUR,250.0,288.0,18522.0,673.0,924.0,1.61,1488,0.3117,0.1936,4.88,3.634,2012-07-27,2024-09-26,2024-10-03,4444,7,2024,Total,yes,
Âme,Howling (Âme Remix),howling me remix,Howling (Âme Remix) | Germany | 9/26/24,Showcase,SINGLE,Germany,EUR,250.0,288.0,12960.0,762.0,865.0,1.59,1375,0.3329,0.2094,6.63,5.88,2012-07-26,2024-09-26,2024-09-28,4445,2,2024,Total,yes,
Âme,Love Is The Dance,love is the dance,Love Is The Dance | Germany | 3/23/26,Showcase,SINGLE,Germany,EUR,250.0,288.0,21122.0,766.0,534.0,4.33,2312,0.5393,0.12456,2.54,3.627,2026-03-12,2026-03-23,2026-04-06,11,14,2026,Total,yes,
Âme,Love Is The Dance,love is the dance,Love Is The Dance | United States | 3/30/26,Showcase,SINGLE,United States,EUR,250.0,288.0,16265.0,643.0,475.0,4.11,1952,0.6063,0.14752,2.95,3.953,2026-03-13,2026-03-30,2026-04-13,17,14,2026,Total,yes,
Âme,Pha Na Pha,pha na pha,Pha Na Pha | Germany | 12/8/25,Marquee,SINGLE,Germany,EUR,125.0,144.0,2784.0,329.0,178.0,3.6,641,0.809,0.22472,6.32,11.818,2025-11-20,2025-12-08,2025-12-18,18,10,2025,Total,yes,
Âme,Pha Na Pha,pha na pha,Pha Na Pha | Netherlands | 12/8/25,Marquee,SINGLE,Netherlands,EUR,125.0,144.0,2978.0,257.0,135.0,3.18,429,1.0667,0.33543,4.52,8.63,2025-11-20,2025-12-08,2025-12-09,18,1,2025,Total,yes,
Âme,Pha Na Pha,pha na pha,Pha Na Pha | United Kingdom | 12/8/25,Marquee,SINGLE,United Kingdom,EUR,125.0,144.0,3866.0,256.0,152.0,2.84,432,0.9474,0.33358,3.93,6.622,2025-11-21,2025-12-08,2025-12-09,17,1,2025,Total,yes,
Âme,Pha Na Pha,pha na pha,Pha Na Pha | United States | 12/8/25,Marquee,SINGLE,United States,EUR,125.0,144.0,5214.0,273.0,146.0,3.38,493,0.9863,0.29181,2.79,5.236,2025-11-21,2025-12-08,2025-12-09,17,1,2025,Total,yes,
Âme,Shadow Of Love,shadow of love,Shadow Of Love 2 | Germany | 10/14/24,Marquee,SINGLE,Germany,EUR,250.0,288.0,3954.0,596.0,324.0,1.86,603,0.8889,0.4779,8.15,15.073,2024-10-03,2024-10-14,2024-10-15,11,1,2024,Total,yes,
Âme,Shadow Of Love,shadow of love,Shadow Of Love | United States | 10/14/24,Marquee,SINGLE,United States,EUR,250.0,288.0,4391.0,455.0,253.0,1.65,417,1.1383,0.6899,5.74,10.362,2024-10-04,2024-10-14,2024-10-17,10,3,2024,Total,yes,
Âme,Shadow Of Love (Echonomist Remix),shadow of love echonomist remix,Shadow Of Love (Echonomist Remix) | Brazil | 4/11/25,Showcase,SINGLE,Brazil,EUR,97.76,112.62,9932.0,470.0,238.0,1.77,421,0.4732,0.26734,2.39,4.732,2025-03-28,2025-04-11,2025-04-25,14,14,2025,Total,yes,
