group,decay_rank,decay,artist,track,release_date,genre,release_type,editorial_tier,editorial_label,is_feature,monthly_listeners_at_release,ml_source,wk1_streams,wk3_streams,wk1_saves,save_rate,save_rate_pct,save_rate_d2d7,save_rate_d2d7_pct,d1_save_dump,locked_forecast_streams,pct_of_forecast,wk1_stream_days,wk3_stream_days,ads_matched,ads_match_method,ads_ran_actual,ads_planned,actual_spend_total,actual_spend_marquee,actual_spend_showcase,actual_spend_meta_traffic,actual_spend_meta_awareness,actual_channel_marquee,actual_channel_showcase,actual_channel_meta_traffic,actual_channel_meta_awareness,planned_spend_total,planned_spend_marquee,planned_spend_showcase,planned_spend_meta_traffic,planned_spend_meta_awareness,spotify_format,spotify_ad_rows,meta_ad_rows,release_key,id
sustainer,1,1.2922401171303075,Kasango,Light Down - Kasango Remix,2026-02-06,house,alternate_version,1,Small,True,6200000.0,at_release,3415.0,4413.0,380.0,0.11127379209370425,11.1274,0.07872503840245776,7.8725,False,162854.0,2.096970292409152,7,7,False,,False,False,0.0,0.0,0.0,0.0,0.0,False,False,False,False,0.0,0.0,0.0,0.0,0.0,marquee,0,0,light down kasango remix,0562db03-e2be-4398-9a92-45b5184c1dd9
sustainer,2,1.1817147620013067,Hayden James,For The Girls,2026-06-26,house,single,1,Small,True,2658000.0,at_release,88782.0,104915.0,6896.0,0.07767340226622514,7.7673,0.0675036594978043,6.7504,False,356347.0,24.91447942595279,7,7,False,,False,False,0.0,0.0,0.0,0.0,0.0,False,False,False,False,0.0,0.0,0.0,0.0,0.0,marquee,0,0,for the girls,fc29b252-3e12-4161-81fb-cb0a61efdd2d
sustainer,3,1.05384999559329,Pretty Girl,Body Step,2026-07-08,house,focus_track,1,Small,False,204000.0,at_release,34039.0,35872.0,2534.0,0.07444402009459737,7.4444,0.06467772814294831,6.4678,False,82126.0,41.4472883130799,7,7,True,exact_key,True,False,2564.69,1215.15,0.0,1349.54,0.0,True,False,True,False,0.0,0.0,0.0,0.0,0.0,marquee,3,1,body step,9cd4d4f1-ff5c-42ca-9ddc-bedd621b0c3e
sustainer,4,0.9518847427595081,O'Flynn,Ashiko,2026-06-05,house,lead_single,1,Small,False,786000.0,at_release,47407.0,45126.0,2419.0,0.051026219756576036,5.1026,0.04301534432203149,4.3015,False,113996.0,41.58654689638233,7,7,False,,False,False,0.0,0.0,0.0,0.0,0.0,False,False,False,False,0.0,0.0,0.0,0.0,0.0,marquee,0,0,ashiko,d81bd447-4dd9-47a6-ae1a-25e25a7833b8
sustainer,5,0.9126757693091502,Big Gigantic,Psychedelic Symphony,2026-06-26,dubstep,single,0,None,False,876000.0,at_release,78512.0,71656.0,12252.0,0.15605257794986754,15.6053,0.15301829731875854,15.3018,False,84907.0,92.4682299457053,7,7,False,,False,False,0.0,0.0,0.0,0.0,0.0,False,False,False,False,0.0,0.0,0.0,0.0,0.0,marquee,0,0,psychedelic symphony,9152aade-80de-4330-aca1-272ed1dca802
sustainer,6,0.9108009708737864,Pretty Girl,Satisfy,2026-07-08,house,album_track,0,None,False,204000.0,at_release,6592.0,6004.0,721.0,0.109375,10.9375,0.0881011608623549,8.8101,False,35546.0,18.54498396444044,7,7,False,,False,False,0.0,0.0,0.0,0.0,0.0,False,False,False,False,0.0,0.0,0.0,0.0,0.0,marquee,0,0,satisfy,442224b9-5178-45dc-bd78-7106fd6e3dc2
sustainer,7,0.9002487896718666,Level Up,The Other Side,2026-01-27,house,single,0,None,False,430000.0,at_release,59488.0,53554.0,9677.0,0.16267146315223238,16.2671,0.12133148798750842,12.1331,False,62619.0,94.99992015203054,7,7,False,,False,False,0.0,0.0,0.0,0.0,0.0,False,False,False,False,0.0,0.0,0.0,0.0,0.0,marquee,0,0,the other side,1ab2927f-c9bf-404b-b5a0-65e0fef90553
sustainer,8,0.7488559933662972,Zingara,Telekinesis,2026-06-24,dubstep,single,0,None,False,303000.0,at_release,65122.0,48767.0,9825.0,0.1508706735051135,15.0871,0.12233163810696122,12.2332,False,53908.0,120.80210729390815,7,7,True,exact_key,True,False,500.0,0.0,500.0,0.0,0.0,False,True,False,False,0.0,0.0,0.0,0.0,0.0,marquee,1,0,telekinesis,d8f0f831-841f-4743-8ddb-4a413ab68512
sustainer,9,0.7404349072150176,Boogie T,Steppin,2026-06-26,melodic-bass,single,0,None,False,300000.0,at_release,55828.0,41337.0,7075.0,0.12672852332163073,12.6729,0.11248142315285141,11.2481,False,53679.0,104.00342778367704,7,7,True,awareness_name,True,False,249.19,0.0,0.0,0.0,249.19,False,False,False,True,0.0,0.0,0.0,0.0,0.0,marquee,0,1,steppin,d819dfc2-2d0e-490c-a4f7-576b3ea542b0
sustainer,10,0.7382942418370593,Bob Moses,On My Mind,2026-02-25,downtempo,lead_single,1,Small,True,2000000.0,at_release,242039.0,178696.0,16344.0,0.06752630774379335,6.7526,0.0558717409997961,5.5872,False,315513.0,76.71284542950687,7,7,False,,False,False,0.0,0.0,0.0,0.0,0.0,False,False,False,False,0.0,0.0,0.0,0.0,0.0,marquee,0,0,on my mind,c49119e6-b37b-434d-a6c0-040fef4f8b59
sustainer,11,0.7233104894290319,Rhye,Merida,2026-06-12,downtempo,album_track,1,Small,False,2679000.0,at_release,51509.0,37257.0,7030.0,0.1364810033198082,13.6481,0.11121757419957934,11.1218,False,139758.0,36.85585082785959,7,7,False,,False,False,0.0,0.0,0.0,0.0,0.0,False,False,False,False,0.0,0.0,0.0,0.0,0.0,marquee,0,0,merida,753c1cbc-c4ec-438a-8381-e286f7d77643
sustainer,12,0.6576211508316538,Griz,Its Called Freefall (Griz Remix),2026-06-24,dubstep,alternate_version,0,None,True,1127000.0,at_release,419766.0,276047.0,37583.0,0.08953321612517451,8.9533,0.07502682240531185,7.5027,False,154458.0,271.76708231363864,7,7,False,,False,False,0.0,0.0,0.0,0.0,0.0,False,False,False,False,0.0,0.0,0.0,0.0,0.0,marquee,0,0,its called freefall griz remix,014cb496-a6b7-4808-b802-9b2e2ae58197
sustainer,13,0.639031827711073,Boogie T,Marathon,2026-03-20,dubstep,single,0,None,False,298000.0,at_release,31482.0,20118.0,3641.0,0.11565338923829489,11.5653,0.09412693854106835,9.4127,False,53526.0,58.816276202219484,7,7,False,,False,False,0.0,0.0,0.0,0.0,0.0,False,False,False,False,0.0,0.0,0.0,0.0,0.0,marquee,0,0,marathon,5d01b98b-fcd5-4847-b4e3-dbc34504d61b
sustainer,14,0.631334217993117,Bob Moses,Last Forever (Club Mix),2026-06-10,house,lead_single,1,Small,False,2000000.0,at_release,92691.0,58519.0,5276.0,0.05692030509974,5.692,0.052567390437111755,5.2567,False,170000.0,54.52411764705882,7,7,False,,False,False,0.0,0.0,0.0,0.0,0.0,False,False,False,False,0.0,0.0,0.0,0.0,0.0,marquee,0,0,last forever club mix,6d761fa4-d938-4a94-84d8-73953432b604
sustainer,15,0.6307611430935227,Joshwa,Work Your Body,2026-05-14,house,single,1,Small,False,2000000.0,at_release,116036.0,73191.0,7080.0,0.06101554689923817,6.1016,0.045324464382396165,4.5324,False,170000.0,68.2564705882353,7,7,False,,False,False,0.0,0.0,0.0,0.0,0.0,False,False,False,False,0.0,0.0,0.0,0.0,0.0,marquee,0,0,work your body,eb7df52a-16fc-4668-8afb-ee132a9ed07e
sustainer,16,0.5912674446412575,Rhye,Hold On,2025-12-04,downtempo,lead_single,2,Medium,False,2690000.0,at_release,246709.0,145871.0,16555.0,0.0671033484793826,6.7103,0.0631053725790568,6.3105,False,271409.0,90.89934379478942,7,7,True,exact_key,True,False,1500.0,1500.0,0.0,0.0,0.0,True,False,False,False,0.0,0.0,0.0,0.0,0.0,marquee,2,0,hold on,8988c2a1-11fb-4d6c-abbd-7822e3189a3c
sustainer,17,0.5910813218773362,Rhye,Close Your Mouth,2026-03-12,downtempo,lead_single,1,Small,False,2730000.0,at_release,195298.0,115437.0,11468.0,0.0587205194113611,5.8721,0.051127614480285924,5.1128,False,194210.0,100.56021832037484,7,7,True,awareness_name,True,False,999.45,0.0,0.0,0.0,999.45,False,False,False,True,0.0,0.0,0.0,0.0,0.0,marquee,0,1,close your mouth,5ec3f0bc-0cd3-4dcb-b9cd-5433b27b134d
sustainer,18,0.5858853731249113,Kasbo,World is Mine,2026-04-23,house,single,2,Medium,True,995000.0,at_release,507176.0,297147.0,43105.0,0.08499022035743016,8.499,0.05078065486244974,5.0781,False,329131.0,154.09548173827443,7,7,False,,False,False,0.0,0.0,0.0,0.0,0.0,False,False,False,False,0.0,0.0,0.0,0.0,0.0,marquee,0,0,world is mine,88620604-3fed-44e0-915c-ffb2ce584aac
sustainer,19,0.5840087618190418,Subtronics,Fall Back To Nothing,2026-07-03,dubstep,single,2,Medium,True,2920000.0,at_release,435526.0,254351.0,51065.0,0.117249027612588,11.7249,0.09142499257556022,9.1425,False,304287.0,143.13000555396712,7,7,True,exact_key,True,True,6459.58,0.0,1500.0,4959.58,0.0,False,True,True,False,6500.0,0.0,1500.0,5000.0,0.0,showcase,1,2,fall back to nothing,e3573939-bfd3-4f1e-8358-614c6d55f590
sustainer,20,0.5831588214109455,LSDREAM,KOOLAID MAN,2026-05-01,melodic-bass,single,1,Small,False,400000.0,at_release,74971.0,43720.0,10942.0,0.14594976724333408,14.595,0.12334238416396602,12.3342,False,85381.0,87.80759185298837,7,7,True,exact_key,True,False,250.0,0.0,250.0,0.0,0.0,False,True,False,False,0.0,0.0,0.0,0.0,0.0,marquee,1,0,koolaid man,9760bc2d-7cd0-4352-934e-fb775efa681a
middle,21,0.5595037196065705,RHYE,Fatal,2026-06-12,downtempo,focus_track,1,Small,False,2700000.0,at_release,200290.0,112063.0,12097.0,0.060397423735583405,6.0397,0.05454014354865632,5.454,False,199093.0,100.60122656246075,7,7,False,,False,False,0.0,0.0,0.0,0.0,0.0,False,False,False,False,0.0,0.0,0.0,0.0,0.0,marquee,0,0,fatal,db228801-1892-4dc7-8bc2-d440f8b4498d
middle,22,0.5511031489597663,Crankdat,Movement,2026-07-01,dubstep,single,2,Medium,False,1070000.0,at_release,468885.0,258404.0,47288.0,0.10085202128453671,10.0852,0.07947093475602979,7.9471,False,182939.0,256.30674705776244,7,7,True,exact_key,False,True,0.0,0.0,0.0,0.0,0.0,False,False,False,False,2000.0,1500.0,0.0,500.0,0.0,marquee,0,1,movement,7452a9ac-7a07-43ca-a2f5-6a180bc6238e
middle,23,0.5430497280057904,Hayden James,One I Want,2026-04-03,house,single,1,Small,True,2674000.0,at_release,88421.0,48017.0,3417.0,0.03864466585992016,3.8645,0.031108376601938832,3.1108,False,357264.0,24.749484974696585,7,7,False,,False,False,0.0,0.0,0.0,0.0,0.0,False,False,False,False,0.0,0.0,0.0,0.0,0.0,marquee,0,0,one i want,b47d846d-5690-4718-b51e-c8203bb55828
middle,24,0.5412536220832698,Eazy Baked,Certified - sumthin sumthin Remix,2026-02-26,dubstep,alternate_version,0,None,True,104000.0,at_release,26228.0,14196.0,3242.0,0.12360835748055513,12.3608,0.10792125121200624,10.7921,False,26988.0,97.18393360011856,7,7,False,,False,False,0.0,0.0,0.0,0.0,0.0,False,False,False,False,0.0,0.0,0.0,0.0,0.0,marquee,0,0,certified sumthin sumthin remix,2e74db2b-efb6-4170-b002-35a50e2ebff3
middle,25,0.5360732069449635,Joshwa,Lets Get Ill,2026-06-12,house,single,1,Small,False,2000000.0,at_release,99007.0,53075.0,7625.0,0.0770147565323664,7.7015,0.06077348066298342,6.0773,False,170000.0,58.239411764705885,7,7,False,,False,False,0.0,0.0,0.0,0.0,0.0,False,False,False,False,0.0,0.0,0.0,0.0,0.0,marquee,0,0,lets get ill,b78f3cf3-aded-4651-b6ee-398984d18c04
middle,26,0.5229929851909587,AC Slater,Freak No More,2026-02-27,melodic-bass,single,0,None,False,537000.0,at_release,64150.0,33550.0,5470.0,0.0852689010132502,8.5269,0.07230746809352294,7.2307,False,68865.0,93.15327089232557,7,7,False,,False,False,0.0,0.0,0.0,0.0,0.0,False,False,False,False,0.0,0.0,0.0,0.0,0.0,marquee,0,0,freak no more,acad0151-eeb9-4105-a3d8-eb20a323653e
middle,27,0.5146445992257644,bob moses,leave like this,2026-05-06,downtempo,lead_single,2,Medium,False,2000000.0,at_release,135101.0,69529.0,10605.0,0.07849682829882829,7.8497,0.0633198649471412,6.332,False,239080.0,56.508700016730806,7,7,False,,False,False,0.0,0.0,0.0,0.0,0.0,False,False,False,False,0.0,0.0,0.0,0.0,0.0,marquee,0,0,leave like this,fa462427-e169-4f27-8642-fa43949bbc2c
middle,28,0.5108962255827496,Crankdat,Bass Cannon (Flux's Version) - Crankdat Remix,2026-06-18,dubstep,alternate_version,1,Small,True,1202000.0,at_release,226684.0,115812.0,27766.0,0.12248769211766158,12.2488,0.10259792166266986,10.2598,False,102339.0,221.50304380539188,7,7,False,,False,False,0.0,0.0,0.0,0.0,0.0,False,False,False,False,0.0,0.0,0.0,0.0,0.0,marquee,0,0,bass cannon flux s version crankdat remix,03cdf258-6b2e-42c9-8250-4ad3041506f1
middle,29,0.5080169503473881,big gigantic,beautiful colors,2026-05-01,dubstep,single,2,Medium,True,877000.0,at_release,127667.0,64857.0,11636.0,0.09114336516092647,9.1143,0.07640321096551067,7.6403,False,311825.0,40.94187444880943,7,7,False,,False,False,0.0,0.0,0.0,0.0,0.0,False,False,False,False,0.0,0.0,0.0,0.0,0.0,marquee,0,0,beautiful colors,a0825241-32a2-4574-8f6e-339fcbe9df0c
middle,30,0.5009510189488738,Boogie T,Lotis Eater,2026-02-20,dubstep,single,0,None,False,980000.0,at_release,69925.0,35029.0,9625.0,0.13764747944225955,13.7647,0.1041116141550402,10.4112,False,89082.0,78.49509440739992,7,7,True,exact_key,True,False,699.75,0.0,450.0,249.75,0.0,False,True,True,False,0.0,0.0,0.0,0.0,0.0,marquee,1,1,lotis eater,8ab72135-362c-450a-8881-3348ce4401ad
middle,31,0.48397180047465077,Subtronics,Eyes Cut Deeper,2026-04-17,dubstep,single,2,Medium,True,3630000.0,at_release,744126.0,360136.0,76078.0,0.1022380618336142,10.2238,0.07319355379147849,7.3194,False,572644.0,129.94565559055889,7,7,True,awareness_name|exact_key,True,False,4988.71,0.0,0.0,0.0,4988.71,False,False,False,True,0.0,0.0,0.0,0.0,0.0,marquee,0,2,eyes cut deeper,1825a25b-0767-45ee-8b92-031a2129802d
middle,32,0.4818835323888271,O'Flynn,Fara,2026-01-30,house,focus_track,1,Small,False,254000.0,at_release,124086.0,59795.0,7556.0,0.0608932514546363,6.0893,0.054374053083440885,5.4374,False,72411.0,171.36346687657954,7,7,False,,False,False,0.0,0.0,0.0,0.0,0.0,False,False,False,False,0.0,0.0,0.0,0.0,0.0,marquee,0,0,fara,e8c58708-8cbb-41bb-97c8-2af77b48a284
middle,33,0.4712150259787169,Joshwa,Freaks,2025-12-12,house,album_track,1,Small,False,2000000.0,at_release,71982.0,33919.0,5852.0,0.08129810230335362,8.1298,0.06840028893704506,6.84,False,170000.0,42.34235294117647,7,7,False,,False,False,0.0,0.0,0.0,0.0,0.0,False,False,False,False,0.0,0.0,0.0,0.0,0.0,marquee,0,0,freaks,002c00c4-803d-4ce6-a3fd-9f35e2e2ba80
middle,34,0.4648951127509404,Duke Dumot,Your loving,2025-05-09,house,album_track,1,Small,False,4100000.0,at_release,569707.0,264854.0,26282.0,0.04613248564613038,4.6132,0.03906621438759463,3.9066,False,231126.0,246.49195676816973,7,7,False,,False,False,0.0,0.0,0.0,0.0,0.0,False,False,False,False,0.0,0.0,0.0,0.0,0.0,marquee,0,0,your loving,14af625a-751e-417f-9a75-01f70f8b11ba
middle,35,0.46449359720605354,Caleb Jackson,Foreva,2026-03-06,house,single,1,Small,False,48000.0,at_release,10308.0,4788.0,2926.0,0.28385719829258826,28.3857,0.07689647221581739,7.6896,True,34462.0,29.911206546340896,7,7,True,awareness_name,True,False,103.84,0.0,0.0,0.0,103.84,False,False,False,True,0.0,0.0,0.0,0.0,0.0,marquee,0,1,foreva,6f456ebf-5c83-4397-b00b-2a24d4da77f2
middle,36,0.44047537523890157,LSDREAM,Pull Me Closer,2026-04-03,melodic-bass,single,1,Small,True,403000.0,at_release,160631.0,70754.0,15911.0,0.09905310930019735,9.9053,0.08115147938969906,8.1151,False,158970.0,101.04485122979179,7,7,False,,False,False,0.0,0.0,0.0,0.0,0.0,False,False,False,False,0.0,0.0,0.0,0.0,0.0,marquee,0,0,pull me closer,b34ab02f-88b1-42eb-a8f1-54faa6358a46
middle,37,0.4280273947360339,Cedric Gervais,STOMP,2025-11-07,house,single,1,Small,True,5590000.0,at_release,32561.0,13937.0,2272.0,0.06977672675900617,6.9777,0.06867812637736907,6.8678,False,489806.0,6.647734000808484,7,7,False,,False,False,0.0,0.0,0.0,0.0,0.0,False,False,False,False,0.0,0.0,0.0,0.0,0.0,marquee,0,0,stomp,b02bf3e7-5d2d-4f87-988c-f871ff664f70
middle,38,0.4119903442346483,Steller,Shifting The Lens,2026-02-20,melodic-bass,single,0,None,False,126000.0,at_release,30241.0,12459.0,3320.0,0.10978472934096095,10.9785,0.07382308124147886,7.3823,False,37033.0,81.65960089649772,7,7,False,,False,False,0.0,0.0,0.0,0.0,0.0,False,False,False,False,0.0,0.0,0.0,0.0,0.0,marquee,0,0,shifting the lens,d8145143-cffd-4249-8095-4973f906c4f8
decliner,39,0.3619821772639692,Eazy Baked,Fresh Baked Bread,2026-01-30,dubstep,single,0,None,True,101000.0,at_release,83040.0,30059.0,10896.0,0.13121387283236993,13.1214,0.10404248753471602,10.4042,False,33689.0,246.48995220992015,7,7,False,,False,False,0.0,0.0,0.0,0.0,0.0,False,False,False,False,0.0,0.0,0.0,0.0,0.0,marquee,0,0,fresh baked bread,55c97458-59cb-48ec-b2bf-2e55b5c5a9d3
decliner,40,0.35904466119926887,Zomboy,Time Machine,2026-03-27,dubstep,single,1,Small,True,540000.0,at_release,123642.0,44393.0,13092.0,0.10588634929878196,10.5886,0.0832714507527172,8.3271,False,180176.0,68.6229020513276,7,7,False,,False,False,0.0,0.0,0.0,0.0,0.0,False,False,False,False,0.0,0.0,0.0,0.0,0.0,marquee,0,0,time machine,2cf739fc-b447-4052-a87a-d58fc0b115ef
decliner,41,0.3550510036196117,Caleb Jackson,Everybody High - Chesster Remix,2026-01-30,house,alternate_version,0,None,True,52000.0,at_release,3039.0,1079.0,436.0,0.14346824613359657,14.3468,0.08426966292134831,8.427,True,22179.0,13.702150683078587,7,7,False,,False,False,0.0,0.0,0.0,0.0,0.0,False,False,False,False,0.0,0.0,0.0,0.0,0.0,marquee,0,0,everybody high chesster remix,ebe7f034-258c-45e2-b4e1-da3c30962ad5
decliner,42,0.3487391236210762,KSHMR,Ultra Love RYOS Remix,2026-06-19,big-room,alternate_version,1,Small,True,4300000.0,at_release,146763.0,51182.0,4249.0,0.028951438714117317,2.8951,0.02432507396449704,2.4325,False,385257.0,38.09483020425326,7,7,False,,False,False,0.0,0.0,0.0,0.0,0.0,False,False,False,False,0.0,0.0,0.0,0.0,0.0,marquee,0,0,ultra love ryos remix,cb8923f0-5d68-4ee9-82c0-21beb068c216
decliner,43,0.3463086209565083,Zen Selekta,Hustle,2026-01-09,melodic-bass,single,0,None,False,17000.0,at_release,12922.0,4475.0,2480.0,0.191920755301037,19.1921,0.2311938521485009,23.1194,False,15716.0,82.22193942479002,7,7,False,,False,False,0.0,0.0,0.0,0.0,0.0,False,False,False,False,0.0,0.0,0.0,0.0,0.0,marquee,0,0,hustle,500292f3-3a9b-481d-8c44-9ed9d642d791
decliner,44,0.3382244273197509,BORGORE,OBSESSED,2026-06-19,house,focus_track,1,Small,False,630000.0,at_release,47365.0,16020.0,4611.0,0.0973503641929695,9.735,0.08347872371883963,8.3479,False,106810.0,44.34509877352308,7,7,False,,False,False,0.0,0.0,0.0,0.0,0.0,False,False,False,False,0.0,0.0,0.0,0.0,0.0,marquee,0,0,obsessed,a169f11f-18fc-4cef-bd90-1357ea679867
decliner,45,0.3311293925556443,KSHMR,Bass Down Low,2026-05-01,big-room,alternate_version,1,Small,True,4337000.0,at_release,111467.0,36910.0,5729.0,0.05139637740317762,5.1396,0.042268254552142726,4.2268,False,439400.0,25.368001820664542,7,7,False,,False,False,0.0,0.0,0.0,0.0,0.0,False,False,False,False,0.0,0.0,0.0,0.0,0.0,marquee,0,0,bass down low,d1007c54-44c1-4864-bb54-f06eb508a75e
decliner,46,0.32978076674645695,Âme,Love Is The Dance,2026-03-13,house,focus_track,1,Small,True,473000.0,at_release,105276.0,34718.0,7107.0,0.06750826399179301,6.7508,0.05903992196753292,5.904,False,194082.0,54.24305190589544,7,7,True,exact_key,True,False,576.0,0.0,576.0,0.0,0.0,False,True,False,False,0.0,0.0,0.0,0.0,0.0,marquee,2,1,love is the dance,19feb499-caaa-436c-9010-ecdc4ef57d0a
decliner,47,0.3233885934405265,Bob Moses,Higher Ground,2025-10-17,downtempo,album_track,2,Medium,False,2000000.0,at_release,64121.0,20736.0,25278.0,0.39422342134402144,39.4223,0.08529741863075196,8.5297,True,239080.0,26.81989292287101,7,7,False,,False,False,0.0,0.0,0.0,0.0,0.0,False,False,False,False,0.0,0.0,0.0,0.0,0.0,marquee,0,0,higher ground,59d045b2-c9ed-45bb-ae34-9b3c2a0cd90f
decliner,48,0.3194352630087827,Zomboy,Bromance is Dead,2026-06-05,dubstep,single,1,Small,False,543000.0,at_release,84712.0,27060.0,14950.0,0.17648030975540654,17.648,0.127477756740001,12.7478,False,97310.0,87.05374576097009,7,7,False,,False,False,0.0,0.0,0.0,0.0,0.0,False,False,False,False,0.0,0.0,0.0,0.0,0.0,marquee,0,0,bromance is dead,f4b1e800-ba7e-4175-9b8a-7a8c96346890
decliner,49,0.2975345457600067,gramatik,The Montauk,2026-05-01,dubstep,single,1,Small,True,825000.0,at_release,47618.0,14168.0,3227.0,0.06776849090679996,6.7768,0.06004714201532115,6.0047,False,216002.0,22.045166248460664,7,7,True,exact_key,True,False,500.0,500.0,0.0,0.0,0.0,True,False,False,False,0.0,0.0,0.0,0.0,0.0,marquee,2,0,the montauk,e1640e4a-2059-4629-914b-c2bbb585d2db
decliner,50,0.29328560270258225,Elderbrook,Is it over Now?,2026-05-28,downtempo,single,2,Medium,False,8640000.0,at_release,515951.0,151321.0,21477.0,0.041626045884202184,4.1626,0.030197298710303314,3.0197,False,447164.0,115.38294674884382,7,7,False,,False,False,0.0,0.0,0.0,0.0,0.0,False,False,False,False,0.0,0.0,0.0,0.0,0.0,marquee,0,0,is it over now,5262a673-1e75-434a-a410-64153311fc64
decliner,51,0.2829288302105998,Griz,Rump Shaker,2026-06-04,dubstep,focus_track,2,Medium,True,1900000.0,at_release,392498.0,111049.0,44344.0,0.11297891963780707,11.2979,0.08127557917739217,8.1276,False,434090.0,90.41857679283099,7,7,False,,False,False,0.0,0.0,0.0,0.0,0.0,False,False,False,False,0.0,0.0,0.0,0.0,0.0,marquee,0,0,rump shaker,6b964a04-af53-4c4d-86b1-7347d698a705
decliner,52,0.2822630255697015,CloZee,Ankaa,2025-11-07,melodic-bass,single,1,Small,True,500000.0,at_release,149552.0,42213.0,15533.0,0.10386353910345565,10.3864,0.08054456317247899,8.0545,False,174339.0,85.78229770734029,7,7,False,,False,False,0.0,0.0,0.0,0.0,0.0,False,False,False,False,0.0,0.0,0.0,0.0,0.0,marquee,0,0,ankaa,cc49328f-6d0c-4445-85ff-ce848650d680
decliner,53,0.26734525313380625,Cedric Gervais,Need your love,2025-07-18,house,single,1,Small,True,5500000.0,at_release,41164.0,11005.0,1651.0,0.040107861237974926,4.0108,0.03113095238095238,3.1131,False,486416.0,8.462715042268346,7,7,False,,False,False,0.0,0.0,0.0,0.0,0.0,False,False,False,False,0.0,0.0,0.0,0.0,0.0,marquee,0,0,need your love,78b3e4d8-58eb-4848-a207-f00119ae2ac3
decliner,54,0.25160166697766995,Subtronics,Eyes Cut Deeper - Mport Remix,2026-06-01,dubstep,alternate_version,1,Small,True,2900000.0,at_release,16077.0,4045.0,4239.0,0.2636685948871058,26.3669,0.2326736398525096,23.2674,False,131327.0,12.241960906744234,7,7,False,,False,False,0.0,0.0,0.0,0.0,0.0,False,False,False,False,0.0,0.0,0.0,0.0,0.0,marquee,0,0,eyes cut deeper mport remix,c41f626b-5ae4-4264-aa9e-a19277cb4068
decliner,55,0.22798215038962769,Griz,When I'm Hot,2026-06-05,dubstep,album_track,1,Small,True,1950000.0,at_release,225215.0,51345.0,36009.0,0.15988721887973714,15.9887,0.10641354737366385,10.6414,False,312113.0,72.15816066616898,7,7,False,,False,False,0.0,0.0,0.0,0.0,0.0,False,False,False,False,0.0,0.0,0.0,0.0,0.0,marquee,0,0,when i m hot,c688c0c1-ce26-44b9-a3fd-1411352daa0c
decliner,56,0.20357808656964266,Zomboy,Valley Of Violence - Borgore Remix,2026-07-03,big-room,alternate_version,1,Small,False,540000.0,at_release,63833.0,12995.0,6263.0,0.09811539485845878,9.8115,0.08059933407325194,8.0599,False,83696.0,76.26768304339514,7,7,False,,False,False,0.0,0.0,0.0,0.0,0.0,False,False,False,False,0.0,0.0,0.0,0.0,0.0,marquee,0,0,valley of violence borgore remix,06559c79-4f6b-4652-82fe-105f069045ab
decliner,57,0.19981600735970562,Gramatik,Crossroads City,2026-01-30,melodic-bass,single,1,Small,True,814000.0,at_release,43480.0,8688.0,2496.0,0.05740570377184913,5.7406,0.05179791306958937,5.1798,False,214764.0,20.245478758078637,7,7,True,exact_key,True,False,500.0,500.0,0.0,0.0,0.0,True,False,False,False,0.0,0.0,0.0,0.0,0.0,marquee,2,0,crossroads city,f9ced8aa-e3c2-4289-aa4e-de9d50b84c4c
decliner,58,0.14199690780372692,KSHMR,Khoye Yahaan Reimagined,2026-05-29,big-room,alternate_version,0,None,False,4500000.0,at_release,98312.0,13960.0,3847.0,0.03913052323215884,3.9131,0.03753192549679188,3.7532,False,171023.0,57.4846658051841,7,7,False,,False,False,0.0,0.0,0.0,0.0,0.0,False,False,False,False,0.0,0.0,0.0,0.0,0.0,marquee,0,0,khoye yahaan reimagined,f943607f-0f5f-42fb-a138-fd5907ad7b80
