release_id,track_name,artist,artist_n,genre,release_type,editorial_tier,is_feature,monthly_listeners,wk1_streams,locked_forecast_streams,fresh_predicted_wk1,fresh_predicted_wk1_rounded,locked_ratio,fresh_ratio,locked_log_error,fresh_log_error,artist_offset,artist_offset_shrunk,loo_offset,loo_offset_shrunk,n_other,log_error_loo,log_error_shrunk,abs_log_error,abs_log_error_loo,abs_log_error_shrunk,is_wrong_ml_remix
acad0151-eeb9-4105-a3d8-eb20a323653e,Freak No More,AC Slater,1,melodic-bass,single,0,False,537000.0,64150,68865,53741.0627459755,53741,0.9315327089232557,1.193686851769674,-0.07092397530764959,0.17704671237248848,0.17704671237248848,0.029507785395414748,0.0,0.0,0,0.17704671237248848,0.17704671237248848,0.17704671237248848,0.17704671237248848,0.17704671237248848,False
9152aade-80de-4330-aca1-272ed1dca802,Psychedelic Symphony,Big Gigantic,2,dubstep,single,0,False,876000.0,78512,84907,61728.91351558442,61729,0.924682299457053,1.2718837175091122,-0.07830506051205162,0.24049904368655226,-0.14371887619379403,-0.041062536055369726,-0.5279367960741403,-0.08798946601235673,1,0.7684358397606926,0.32848850969890897,0.24049904368655226,0.7684358397606926,0.32848850969890897,False
a0825241-32a2-4574-8f6e-339fcbe9df0c,beautiful colors,big gigantic,2,dubstep,single,2,True,877000.0,127667,311825,216450.5484116909,216451,0.4094187444880943,0.5898206354144976,-0.8930168215365877,-0.5279367960741403,-0.14371887619379403,-0.041062536055369726,0.24049904368655226,0.04008317394775871,1,-0.7684358397606926,-0.5680199700218991,0.5279367960741403,0.7684358397606926,0.5680199700218991,False
59d045b2-c9ed-45bb-ae34-9b3c2a0cd90f,Higher Ground,Bob Moses,4,downtempo,album_track,2,False,2000000.0,64121,239080,243965.5225421067,243966,0.2681989292287101,0.26282812149791857,-1.31602630057836,-1.3362549908746337,-0.5038698120967662,-0.22394213870967386,-0.22640808583747704,-0.08490303218905389,3,-1.1098469050371567,-1.25135195868558,1.3362549908746337,1.1098469050371567,1.25135195868558,False
6d761fa4-d938-4a94-84d8-73953432b604,Last Forever (Club Mix),Bob Moses,4,house,lead_single,1,False,2000000.0,92691,170000,147880.55452212636,147881,0.5452411764705882,0.6267964053795273,-0.6065270565703776,-0.4671335033930283,-0.5038698120967662,-0.22394213870967386,-0.5161152483313455,-0.19354321812425457,3,0.048981744938317195,-0.2735902852687737,0.4671335033930283,0.048981744938317195,0.2735902852687737,False
c49119e6-b37b-434d-a6c0-040fef4f8b59,On My Mind,Bob Moses,4,downtempo,lead_single,1,True,2000000.0,242039,315513,144159.9273050146,144160,0.7671284542950687,1.6789617234468506,-0.26510101537270775,0.5181755806031728,-0.5038698120967662,-0.22394213870967386,-0.8445516096634126,-0.3167068536237797,3,1.3627271902665854,0.8348824342269525,0.5181755806031728,1.3627271902665854,0.8348824342269525,False
fa462427-e169-4f27-8642-fa43949bbc2c,leave like this,bob moses,4,downtempo,lead_single,2,False,2000000.0,135101,239080,280420.1408529962,280420,0.5650870001673081,0.4817806580834134,-0.5707755770927939,-0.7302663347225755,-0.5038698120967662,-0.22394213870967386,-0.42840430455482964,-0.16065161420806112,3,-0.3018620301677459,-0.5696147205145143,0.7302663347225755,0.3018620301677459,0.5696147205145143,False
8ab72135-362c-450a-8881-3348ce4401ad,Lotis Eater,Boogie T,3,dubstep,single,0,False,980000.0,69925,89082,63721.39941817988,63721,0.7849509440739992,1.0973550587159613,-0.24213405477789027,0.0929027922945577,-0.024044211374691826,-0.009016579265509434,-0.08251771320931658,-0.02357648948837617,2,0.17542050550387428,0.11647928178293386,0.0929027922945577,0.17542050550387428,0.11647928178293386,False
5d01b98b-fcd5-4847-b4e3-dbc34504d61b,Marathon,Boogie T,3,dubstep,single,0,False,298000.0,31482,53526,45486.53702811827,45487,0.5881627620221949,0.692116878023466,-0.5307515632270716,-0.3680004387484361,-0.024044211374691826,-0.009016579265509434,0.1479339023121803,0.04226682923205151,2,-0.5159343410606163,-0.41026726798048757,0.3680004387484361,0.5159343410606163,0.41026726798048757,False
d819dfc2-2d0e-490c-a4f7-576b3ea542b0,Steppin,Boogie T,3,melodic-bass,single,0,False,300000.0,55828,53679,45572.776119676455,45573,1.0400342778367704,1.2250296065658322,0.03925367206856334,0.2029650123298029,-0.024044211374691826,-0.009016579265509434,-0.13754882322693918,-0.03929966377912548,2,0.3405138355567421,0.24226467610892838,0.2029650123298029,0.3405138355567421,0.24226467610892838,False
a169f11f-18fc-4cef-bd90-1357ea679867,OBSESSED,BORGORE,1,house,focus_track,1,False,630000.0,47365,106810,113019.34749431074,113019,0.4434509877352308,0.41908753722352093,-0.8131679957741063,-0.8696754614927374,-0.8696754614927374,-0.14494591024878958,0.0,0.0,0,-0.8696754614927374,-0.8696754614927374,0.8696754614927374,0.8696754614927374,0.8696754614927374,False
ebe7f034-258c-45e2-b4e1-da3c30962ad5,Everybody High - Chesster Remix,Caleb Jackson,2,house,alternate_version,0,True,52000.0,3039,22179,22178.181874596983,22178,0.13702150683078587,0.13702656138287367,-1.9876173813084168,-1.9875804932389527,-1.7974600134038992,-0.5135600038296855,-1.6073395335688456,-0.2678899222614743,1,-0.38024095967010707,-1.7196905709774783,1.9875804932389527,0.38024095967010707,1.7196905709774783,False
6f456ebf-5c83-4397-b00b-2a24d4da77f2,Foreva,Caleb Jackson,2,house,single,1,False,48000.0,10308,34462,51431.96294426432,51432,0.29911206546340896,0.20042011640058444,-1.2069369749307892,-1.6073395335688456,-1.7974600134038992,-0.5135600038296855,-1.9875804932389527,-0.33126341553982547,1,0.38024095967010707,-1.27607611802902,1.6073395335688456,0.38024095967010707,1.27607611802902,False
78b3e4d8-58eb-4848-a207-f00119ae2ac3,Need your love,Cedric Gervais,2,house,single,1,True,5500000.0,41164,486416,191977.81357425032,191978,0.08462715042268347,0.214420610557059,-2.469500136873934,-1.5398157230762441,-1.6593382461643809,-0.47409664176125166,-1.7788607692525173,-0.29647679487541956,1,0.2390450461762732,-1.2433389282008247,1.5398157230762441,0.2390450461762732,1.2433389282008247,False
b02bf3e7-5d2d-4f87-988c-f871ff664f70,STOMP,Cedric Gervais,2,house,single,1,True,5590000.0,32561,489806,192862.2150799658,192862,0.06647734000808483,0.16883037450596192,-2.7108941411475236,-1.7788607692525173,-1.6593382461643809,-0.47409664176125166,-1.5398157230762441,-0.2566359538460407,1,-0.2390450461762732,-1.5222248154064766,1.7788607692525173,0.2390450461762732,1.5222248154064766,False
cc49328f-6d0c-4445-85ff-ce848650d680,Ankaa,CloZee,1,melodic-bass,single,1,True,500000.0,149552,174339,97355.01753567293,97355,0.8578229770734029,1.5361509225264223,-0.15335752120843144,0.4292798867517315,0.4292798867517315,0.07154664779195526,0.0,0.0,0,0.4292798867517315,0.4292798867517315,0.4292798867517315,0.4292798867517315,0.4292798867517315,False
03cdf258-6b2e-42c9-8250-4ad3041506f1,Bass Cannon (Flux's Version) - Crankdat Remix,Crankdat,2,dubstep,alternate_version,1,True,1202000.0,226684,102339,102339.18764415318,102339,2.215030438053919,2.2150263766819225,0.7952661451877465,0.7952643116347397,0.7432266877959377,0.21235048222741076,0.6911890639571356,0.11519817732618927,1,0.10407524767760401,0.6800661343085503,0.7952643116347397,0.10407524767760401,0.6800661343085503,True
7452a9ac-7a07-43ca-a2f5-6a180bc6238e,Movement,Crankdat,2,dubstep,single,2,False,1070000.0,468885,182939,234902.01549729283,234902,2.563067470577624,1.9960875985136184,0.9412047718803982,0.6911890639571356,0.7432266877959377,0.21235048222741076,0.7952643116347397,0.13254405193912328,1,-0.10407524767760401,0.5586450120180124,0.6911890639571356,0.10407524767760401,0.5586450120180124,False
14af625a-751e-417f-9a75-01f70f8b11ba,Your loving,Duke Dumot,1,house,album_track,1,False,4100000.0,569707,231126,157655.86201050304,157656,2.4649195676816973,3.6136112716319175,0.9021591772185584,1.2847076245785192,1.2847076245785192,0.21411793742975319,0.0,0.0,0,1.2847076245785192,1.2847076245785192,1.2847076245785192,1.2847076245785192,1.2847076245785192,False
2e74db2b-efb6-4170-b002-35a50e2ebff3,Certified - sumthin sumthin Remix,Eazy Baked,2,dubstep,alternate_version,0,True,104000.0,26228,26988,26987.89726662587,26988,0.9718393360011857,0.971843035449613,-0.02856478036380601,-0.028560973724941843,0.4526052640743168,0.12931578973551908,0.9337715018735754,0.1556285836455959,1,-0.9623324755985172,-0.18418955737053774,0.028560973724941843,0.9623324755985172,0.18418955737053774,False
55c97458-59cb-48ec-b2bf-2e55b5c5a9d3,Fresh Baked Bread,Eazy Baked,2,dubstep,single,0,True,101000.0,83040,33689,32640.40432881018,32640,2.4648995220992016,2.5440861321287134,0.9021510448379859,0.9337715018735754,0.4526052640743168,0.12931578973551908,-0.028560973724941843,-0.004760162287490307,1,0.9623324755985172,0.9385316641610657,0.9337715018735754,0.9623324755985172,0.9385316641610657,False
5262a673-1e75-434a-a410-64153311fc64,Is it over Now?,Elderbrook,1,downtempo,single,2,False,8640000.0,515951,447164,424385.04620073905,424385,1.1538294674884382,1.2157614991833365,0.14308638202608445,0.1953706287668655,0.1953706287668655,0.03256177146114425,0.0,0.0,0,0.1953706287668655,0.1953706287668655,0.1953706287668655,0.1953706287668655,0.1953706287668655,False
f9ced8aa-e3c2-4289-aa4e-de9d50b84c4c,Crossroads City,Gramatik,2,melodic-bass,single,1,True,814000.0,43480,214764,111761.65593810422,111762,0.20245478758078636,0.38904219551006003,-1.597238688570263,-0.9440674694980992,-0.9005130883440433,-0.2572894538125838,-0.8569587071899875,-0.14282645119833123,1,-0.08710876230811171,-0.8012410182997679,0.9440674694980992,0.08710876230811171,0.8012410182997679,False
e1640e4a-2059-4629-914b-c2bbb585d2db,The Montauk,gramatik,2,dubstep,single,1,True,825000.0,47618,216002,112187.27220621622,112187,0.22045166248460663,0.42445100111241957,-1.512076825883847,-0.8569587071899875,-0.9005130883440433,-0.2572894538125838,-0.9440674694980992,-0.1573445782496832,1,0.08710876230811171,-0.6996141289403043,0.8569587071899875,0.08710876230811171,0.6996141289403043,False
014cb496-a6b7-4808-b802-9b2e2ae58197,Its Called Freefall (Griz Remix),Griz,3,dubstep,alternate_version,0,True,1127000.0,419766,154458,52993.2479914747,52993,2.7176708231363866,7.921122329915123,0.9997751984373696,2.069532904109275,0.9933588027972707,0.37250955104897654,0.4552717521412686,0.13007764346893388,2,1.6142611519680066,1.9394552606403412,2.069532904109275,1.6142611519680066,1.9394552606403412,True
6b964a04-af53-4c4d-86b1-7347d698a705,Rump Shaker,Griz,3,dubstep,focus_track,2,True,1900000.0,392498,434090,285588.3669427846,285588,0.9041857679283098,1.374348697048413,-0.10072044420534987,0.31797994402527163,0.9933588027972707,0.37250955104897654,1.3310482321832704,0.3802994949095058,2,-1.0130682881579989,-0.06231955088423419,0.31797994402527163,1.0130682881579989,0.06231955088423419,False
c688c0c1-ce26-44b9-a3fd-1411352daa0c,When I'm Hot,Griz,3,dubstep,album_track,1,True,1950000.0,225215,312113,124523.1872144544,124523,0.7215816066616898,1.8086189812354683,-0.32630980021811085,0.5925635602572655,0.9933588027972707,0.37250955104897654,1.1937564240672733,0.34107326401922095,2,-0.6011928638100078,0.2514902962380446,0.5925635602572655,0.6011928638100078,0.2514902962380446,False
fc29b252-3e12-4161-81fb-cb0a61efdd2d,For The Girls,Hayden James,2,house,single,1,True,2658000.0,88782,356347,156251.17992541826,156251,0.24914479425952793,0.5682005092209697,-1.3897210484744995,-0.5652809133622229,-0.5681678571449178,-0.1623336734699765,-0.5710548009276127,-0.09517580015460213,1,0.005773887565389879,-0.4701051132076207,0.5652809133622229,0.005773887565389879,0.4701051132076207,False
b47d846d-5690-4718-b51e-c8203bb55828,One I Want,Hayden James,2,house,single,1,True,2674000.0,88421,357264,156516.9481367408,156517,0.24749484974696584,0.5649292364348373,-1.3963655062930729,-0.5710548009276127,-0.5681678571449178,-0.1623336734699765,-0.5652809133622229,-0.09421348556037047,1,-0.005773887565389879,-0.4768413153672423,0.5710548009276127,0.005773887565389879,0.4768413153672423,False
002c00c4-803d-4ce6-a3fd-9f35e2e2ba80,Freaks,Joshwa,3,house,album_track,1,False,2000000.0,71982,170000,128656.08243424993,128656,0.4234235294117647,0.5594916201244244,-0.8593823492894158,-0.5807267287785588,-0.40814848467725257,-0.15305568175396972,-0.3218593626265994,-0.09195981789331412,2,-0.2588673661519594,-0.4887669108852447,0.5807267287785588,0.2588673661519594,0.4887669108852447,False
b78f3cf3-aded-4651-b6ee-398984d18c04,Lets Get Ill,Joshwa,3,house,single,1,False,2000000.0,99007,170000,147880.55452212636,147881,0.5823941176470588,0.6695065508777643,-0.5406078823445918,-0.40121432916724253,-0.40814848467725257,-0.15305568175396972,-0.4116155624322576,-0.11760444640921645,2,0.010401233265015075,-0.28360988275802607,0.40121432916724253,0.010401233265015075,0.28360988275802607,False
eb7df52a-16fc-4668-8afb-ee132a9ed07e,Work Your Body,Joshwa,3,house,single,1,False,2000000.0,116036,170000,147880.55452212636,147881,0.682564705882353,0.7846602981370233,-0.38189794926330567,-0.24250439608595636,-0.40814848467725257,-0.15305568175396972,-0.49097052897290067,-0.14027729399225733,2,0.2484661328869443,-0.10222710209369903,0.24250439608595636,0.2484661328869443,0.10222710209369903,False
0562db03-e2be-4398-9a92-45b5184c1dd9,Light Down - Kasango Remix,Kasango,1,house,alternate_version,1,True,6200000.0,3415,162854,162853.847045319,162854,0.02096970292409152,0.020969722619138823,-3.864676600878647,-3.864675661664671,-3.864675661664671,-0.6441126102774452,0.0,0.0,0,-3.864675661664671,-3.864675661664671,3.864675661664671,3.864675661664671,3.864675661664671,True
88620604-3fed-44e0-915c-ffb2ce584aac,World is Mine,Kasbo,1,house,single,2,True,995000.0,507176,329131,224327.82119901312,224328,1.5409548173827443,2.2608698167226313,0.4324022355854459,0.8157496138949738,0.8157496138949738,0.13595826898249563,0.0,0.0,0,0.8157496138949738,0.8157496138949738,0.8157496138949738,0.8157496138949738,0.8157496138949738,False
d1007c54-44c1-4864-bb54-f06eb508a75e,Bass Down Low,KSHMR,3,big-room,alternate_version,1,True,4337000.0,111467,439400,147180.12498116665,147180,0.25368001820664543,0.75735089920778,-1.3716815769819222,-0.27792859370172013,-0.025965539437260914,-0.009737077288972842,0.1000159876949687,0.02857599648427677,2,-0.37794458139668885,-0.3065045901859969,0.27792859370172013,0.37794458139668885,0.3065045901859969,False
f943607f-0f5f-42fb-a138-fd5907ad7b80,Khoye Yahaan Reimagined,KSHMR,3,big-room,alternate_version,0,False,4500000.0,98312,171023,80455.33230555181,80455,0.574846658051841,1.2219451114393818,-0.5536519553996331,0.20044394275155614,-0.025965539437260914,-0.009737077288972842,-0.13917028053166944,-0.0397629372947627,2,0.33961422328322555,0.24020688004631885,0.20044394275155614,0.33961422328322555,0.24020688004631885,False
cb8923f0-5d68-4ee9-82c0-21beb068c216,Ultra Love RYOS Remix,KSHMR,3,big-room,alternate_version,1,True,4300000.0,146763,385257,146823.47402169954,146823,0.38094830204253266,0.999588117485283,-0.9650916032392607,-0.0004119673616187561,-0.025965539437260914,-0.009737077288972842,-0.038742325475081996,-0.011069235850023427,2,0.03833035811346324,0.01065726848840467,0.0004119673616187561,0.03833035811346324,0.01065726848840467,False
1ab2927f-c9bf-404b-b5a0-65e0fef90553,The Other Side,Level Up,1,house,single,0,False,430000.0,59488,62619,50463.637540875396,50464,0.9499992015203054,1.1788290123123784,-0.051294134892845476,0.16452158331282654,0.16452158331282654,0.02742026388547109,0.0,0.0,0,0.16452158331282654,0.16452158331282654,0.16452158331282654,0.16452158331282654,0.16452158331282654,False
9760bc2d-7cd0-4352-934e-fb775efa681a,KOOLAID MAN,LSDREAM,2,melodic-bass,single,1,False,400000.0,74971,85381,93752.46685130538,93752,0.8780759185298836,0.7996696248953808,-0.13002222151122622,-0.22355660549011558,0.1691304793921617,0.0483229941120462,0.561817564274439,0.0936362607124065,1,-0.7853741697645545,-0.3171928662025221,0.22355660549011558,0.7853741697645545,0.3171928662025221,False
b34ab02f-88b1-42eb-a8f1-54faa6358a46,Pull Me Closer,LSDREAM,2,melodic-bass,single,1,True,403000.0,160631,158970,91587.26601959876,91587,1.0104485122979179,1.7538573535498545,0.010394303864660502,0.561817564274439,0.1691304793921617,0.0483229941120462,-0.22355660549011558,-0.037259434248352596,1,0.7853741697645545,0.5990769985227915,0.561817564274439,0.7853741697645545,0.5990769985227915,False
d81bd447-4dd9-47a6-ae1a-25e25a7833b8,Ashiko,O'Flynn,2,house,lead_single,1,False,786000.0,47407,113996,113515.35481662554,113515,0.4158654689638233,0.41762632092003765,-0.8773934629372014,-0.8731682153768748,-0.2612617432990185,-0.07464621237114814,0.35064472877883773,0.05844078812980629,1,-1.2238129441557126,-0.9316090035066811,0.8731682153768748,1.2238129441557126,0.9316090035066811,False
e8c58708-8cbb-41bb-97c8-2af77b48a284,Fara,O'Flynn,2,house,focus_track,1,False,254000.0,124086,72411,87385.56814428806,87386,1.7136346687657953,1.419982757279937,0.538616652046022,0.35064472877883773,-0.2612617432990185,-0.07464621237114814,-0.8731682153768748,-0.1455280358961458,1,1.2238129441557126,0.4961727646749835,0.35064472877883773,1.2238129441557126,0.4961727646749835,False
9cd4d4f1-ff5c-42ca-9ddc-bedd621b0c3e,Body Step,Pretty Girl,2,house,focus_track,1,False,204000.0,34039,82126,82126.02156873872,82126,0.414472883130799,0.41447277427787815,-0.8807477272203981,-0.8807479898502094,-1.2828655199966033,-0.3665330057133152,-1.6849830501429972,-0.2808305083571662,1,0.8042350602927878,-0.5999174814930432,0.8807479898502094,0.8042350602927878,0.5999174814930432,False
442224b9-5178-45dc-bd78-7106fd6e3dc2,Satisfy,Pretty Girl,2,house,album_track,0,False,204000.0,6592,35546,35546.43403396789,35546,0.18544983964440442,0.1854475752392135,-1.6849708397306296,-1.6849830501429972,-1.2828655199966033,-0.3665330057133152,-0.8807479898502094,-0.14679133164170158,1,-0.8042350602927878,-1.5381917185012957,1.6849830501429972,0.8042350602927878,1.5381917185012957,False
5ec3f0bc-0cd3-4dcb-b9cd-5433b27b134d,Close Your Mouth,Rhye,4,downtempo,lead_single,1,False,2730000.0,195298,194210,161501.58262205706,161502,1.0056021832037485,1.2092636915951014,0.0055865493374354066,0.19001165504271794,-0.21501073986358593,-0.09556032882826042,-0.3500182048323539,-0.13125682681213272,3,0.5400298598750719,0.3212684818548507,0.19001165504271794,0.5400298598750719,0.3212684818548507,False
db228801-1892-4dc7-8bc2-d440f8b4498d,Fatal,RHYE,4,downtempo,focus_track,1,False,2700000.0,200290,199093,170656.85625758706,170657,1.0060122656246075,1.173641683037247,0.005994264073008724,0.16011146445964713,-0.21501073986358593,-0.09556032882826042,-0.34005147463799695,-0.12751930298924885,3,0.5001629390976441,0.287630767448896,0.16011146445964713,0.5001629390976441,0.287630767448896,False
8988c2a1-11fb-4d6c-abbd-7822e3189a3c,Hold On,Rhye,4,downtempo,lead_single,2,False,2690000.0,246709,271409,304971.79935595824,304972,0.9089934379478941,0.8089567642680469,-0.09541740380992958,-0.21200980677819065,-0.21501073986358593,-0.09556032882826042,-0.21601105089205105,-0.08100414408451914,3,0.004001244113860408,-0.1310056626936715,0.21200980677819065,0.004001244113860408,0.1310056626936715,False
753c1cbc-c4ec-438a-8381-e286f7d77643,Merida,Rhye,4,downtempo,album_track,1,False,2679000.0,51509,139758,139758.0651809403,139758,0.3685585082785959,0.36855833638876545,-0.9981558057943034,-0.9981562721785182,-0.21501073986358593,-0.09556032882826042,0.04603777090805814,0.017264164090521804,3,-1.0441940430865764,-1.01542043626904,0.9981562721785182,1.0441940430865764,1.01542043626904,False
d8145143-cffd-4249-8095-4973f906c4f8,Shifting The Lens,Steller,1,melodic-bass,single,0,False,126000.0,30241,37033,35646.790283920076,35647,0.8165960089649772,0.8483512753640943,-0.20261078748923536,-0.1644604891477113,-0.1644604891477113,-0.02741008152461855,0.0,0.0,0,-0.1644604891477113,-0.1644604891477113,0.1644604891477113,0.1644604891477113,0.1644604891477113,False
1825a25b-0767-45ee-8b92-031a2129802d,Eyes Cut Deeper,Subtronics,3,dubstep,single,2,True,3630000.0,744126,572644,323630.29127130454,323630,1.2994565559055888,2.299308872098709,0.26194614314817616,0.8326085873869544,-0.30303519300987086,-0.11363819737870157,-0.8708570832082835,-0.248816309488081,2,1.703465670595238,1.0814248968750355,0.8326085873869544,1.703465670595238,1.0814248968750355,False
c41f626b-5ae4-4264-aa9e-a19277cb4068,Eyes Cut Deeper - Mport Remix,Subtronics,3,dubstep,alternate_version,1,True,2900000.0,16077,131327,131326.75767368716,131327,0.12241960906744234,0.12241983495813674,-2.100300716935964,-2.10029887172107,-0.30303519300987086,-0.11363819737870157,0.5955966463457287,0.17017047038449393,2,-2.6958955180667985,-2.2704693421055637,2.10029887172107,2.6958955180667985,2.2704693421055637,False
e3573939-bfd3-4f1e-8358-614c6d55f590,Fall Back To Nothing,Subtronics,3,dubstep,single,2,True,2920000.0,435526,304287,304286.53009213513,304287,1.4313000555396713,1.4313022658877697,0.35858316101168813,0.358584705304503,-0.30303519300987086,-0.11363819737870157,-0.6338451421670578,-0.18109861204773078,2,0.9924298474715607,0.5396833173522337,0.358584705304503,0.9924298474715607,0.5396833173522337,False
500292f3-3a9b-481d-8c44-9ed9d642d791,Hustle,Zen Selekta,1,melodic-bass,single,0,False,17000.0,12922,15716,20215.45136021265,20215,0.8222193942479002,0.6392140234589385,-0.19574801656023957,-0.4475159456922907,-0.4475159456922907,-0.07458599094871511,0.0,0.0,0,-0.4475159456922907,-0.4475159456922907,0.4475159456922907,0.4475159456922907,0.4475159456922907,False
d8f0f831-841f-4743-8ddb-4a413ab68512,Telekinesis,Zingara,1,dubstep,single,0,False,303000.0,65122,53908,45701.36532036365,45701,1.2080210729390815,1.4249464877799372,0.1889835438464645,0.3541342605803717,0.3541342605803717,0.05902237676339528,0.0,0.0,0,0.3541342605803717,0.3541342605803717,0.3541342605803717,0.3541342605803717,0.3541342605803717,False
f4b1e800-ba7e-4175-9b8a-7a8c96346890,Bromance is Dead,Zomboy,3,dubstep,single,1,False,543000.0,84712,97310,102228.22956724682,102228,0.8705374576097009,0.8286556498004843,-0.13864449070574436,-0.1879505903576465,-0.08054518036770923,-0.03020444263789096,-0.026842475372740607,-0.007669278677925888,2,-0.1611081149849059,-0.1802813116797206,0.1879505903576465,0.1611081149849059,0.1802813116797206,False
2cf739fc-b447-4052-a87a-d58fc0b115ef,Time Machine,Zomboy,3,dubstep,single,1,True,540000.0,123642,180176,99499.98000030164,99500,0.686229020513276,1.2426334156009395,-0.3765438578267604,0.21723284996537592,-0.08054518036770923,-0.03020444263789096,-0.22943419553425182,-0.06555262729550052,2,0.44666704549962777,0.28278547726087644,0.21723284996537592,0.44666704549962777,0.28278547726087644,False
06559c79-4f6b-4652-82fe-105f069045ab,Valley Of Violence - Borgore Remix,Zomboy,3,big-room,alternate_version,1,False,540000.0,63833,83696,83695.7415546371,83696,0.7626768304339514,0.7626791855154234,-0.27092088862141356,-0.27091780071085714,-0.08054518036770923,-0.03020444263789096,0.014641129803864714,0.004183179943961347,2,-0.28555893051472186,-0.27510098065481847,0.27091780071085714,0.28555893051472186,0.27510098065481847,False
19feb499-caaa-436c-9010-ecdc4ef57d0a,Love Is The Dance,Âme,1,house,focus_track,1,True,473000.0,105276,194082,101586.79578018258,101587,0.5424305190589545,1.0363157848565305,-0.6116952772372505,0.035671909029239716,0.035671909029239716,0.005945318171539953,0.0,0.0,0,0.035671909029239716,0.035671909029239716,0.035671909029239716,0.035671909029239716,0.035671909029239716,False
