release_id,track_name,artist,genre,release_type,editorial_tier,is_feature,monthly_listeners,ml_band,roster_n,multi_artist,wk1_streams,locked_forecast_streams,ratio
0562db03-e2be-4398-9a92-45b5184c1dd9,Light Down - Kasango Remix,Kasango,house,alternate_version,1,True,6200000.0,2M+,2,True,3415,162854,0.02096970292409152
b02bf3e7-5d2d-4f87-988c-f871ff664f70,STOMP,Cedric Gervais,house,single,1,True,5590000.0,2M+,1,False,32561,489806,0.06647734000808483
78b3e4d8-58eb-4848-a207-f00119ae2ac3,Need your love,Cedric Gervais,house,single,1,True,5500000.0,2M+,1,False,41164,486416,0.08462715042268347
c41f626b-5ae4-4264-aa9e-a19277cb4068,Eyes Cut Deeper - Mport Remix,Subtronics,dubstep,alternate_version,1,True,2900000.0,2M+,2,True,16077,131327,0.12241960906744234
ebe7f034-258c-45e2-b4e1-da3c30962ad5,Everybody High - Chesster Remix,Caleb Jackson,house,alternate_version,0,True,52000.0,<100k,2,True,3039,22179,0.13702150683078587
442224b9-5178-45dc-bd78-7106fd6e3dc2,Satisfy,Pretty Girl,house,album_track,0,False,204000.0,100k-500k,1,False,6592,35546,0.18544983964440442
f9ced8aa-e3c2-4289-aa4e-de9d50b84c4c,Crossroads City,Gramatik,melodic-bass,single,1,True,814000.0,500k-2M,1,False,43480,214764,0.20245478758078636
e1640e4a-2059-4629-914b-c2bbb585d2db,The Montauk,gramatik,dubstep,single,1,True,825000.0,500k-2M,1,False,47618,216002,0.22045166248460663
b47d846d-5690-4718-b51e-c8203bb55828,One I Want,Hayden James,house,single,1,True,2674000.0,2M+,1,False,88421,357264,0.24749484974696584
fc29b252-3e12-4161-81fb-cb0a61efdd2d,For The Girls,Hayden James,house,single,1,True,2658000.0,2M+,1,False,88782,356347,0.24914479425952793
d1007c54-44c1-4864-bb54-f06eb508a75e,Bass Down Low,KSHMR,big-room,alternate_version,1,True,4337000.0,2M+,1,False,111467,439400,0.25368001820664543
59d045b2-c9ed-45bb-ae34-9b3c2a0cd90f,Higher Ground,Bob Moses,downtempo,album_track,2,False,2000000.0,2M+,1,False,64121,239080,0.2681989292287101
6f456ebf-5c83-4397-b00b-2a24d4da77f2,Foreva,Caleb Jackson,house,single,1,False,48000.0,<100k,1,False,10308,34462,0.29911206546340896
753c1cbc-c4ec-438a-8381-e286f7d77643,Merida,Rhye,downtempo,album_track,1,False,2679000.0,2M+,1,False,51509,139758,0.3685585082785959
cb8923f0-5d68-4ee9-82c0-21beb068c216,Ultra Love RYOS Remix,KSHMR,big-room,alternate_version,1,True,4300000.0,2M+,2,True,146763,385257,0.38094830204253266
a0825241-32a2-4574-8f6e-339fcbe9df0c,beautiful colors,big gigantic,dubstep,single,2,True,877000.0,500k-2M,1,False,127667,311825,0.4094187444880943
9cd4d4f1-ff5c-42ca-9ddc-bedd621b0c3e,Body Step,Pretty Girl,house,focus_track,1,False,204000.0,100k-500k,1,False,34039,82126,0.414472883130799
d81bd447-4dd9-47a6-ae1a-25e25a7833b8,Ashiko,O'Flynn,house,lead_single,1,False,786000.0,500k-2M,1,False,47407,113996,0.4158654689638233
002c00c4-803d-4ce6-a3fd-9f35e2e2ba80,Freaks,Joshwa,house,album_track,1,False,2000000.0,2M+,1,False,71982,170000,0.4234235294117647
a169f11f-18fc-4cef-bd90-1357ea679867,OBSESSED,BORGORE,house,focus_track,1,False,630000.0,500k-2M,1,False,47365,106810,0.4434509877352308
19feb499-caaa-436c-9010-ecdc4ef57d0a,Love Is The Dance,Âme,house,focus_track,1,True,473000.0,100k-500k,1,False,105276,194082,0.5424305190589545
6d761fa4-d938-4a94-84d8-73953432b604,Last Forever (Club Mix),Bob Moses,house,lead_single,1,False,2000000.0,2M+,1,False,92691,170000,0.5452411764705882
fa462427-e169-4f27-8642-fa43949bbc2c,leave like this,bob moses,downtempo,lead_single,2,False,2000000.0,2M+,1,False,135101,239080,0.5650870001673081
f943607f-0f5f-42fb-a138-fd5907ad7b80,Khoye Yahaan Reimagined,KSHMR,big-room,alternate_version,0,False,4500000.0,2M+,1,False,98312,171023,0.574846658051841
b78f3cf3-aded-4651-b6ee-398984d18c04,Lets Get Ill,Joshwa,house,single,1,False,2000000.0,2M+,1,False,99007,170000,0.5823941176470588
5d01b98b-fcd5-4847-b4e3-dbc34504d61b,Marathon,Boogie T,dubstep,single,0,False,298000.0,100k-500k,1,False,31482,53526,0.5881627620221949
eb7df52a-16fc-4668-8afb-ee132a9ed07e,Work Your Body,Joshwa,house,single,1,False,2000000.0,2M+,1,False,116036,170000,0.682564705882353
2cf739fc-b447-4052-a87a-d58fc0b115ef,Time Machine,Zomboy,dubstep,single,1,True,540000.0,500k-2M,1,False,123642,180176,0.686229020513276
c688c0c1-ce26-44b9-a3fd-1411352daa0c,When I'm Hot,Griz,dubstep,album_track,1,True,1950000.0,500k-2M,1,False,225215,312113,0.7215816066616898
06559c79-4f6b-4652-82fe-105f069045ab,Valley Of Violence - Borgore Remix,Zomboy,big-room,alternate_version,1,False,540000.0,500k-2M,2,True,63833,83696,0.7626768304339514
c49119e6-b37b-434d-a6c0-040fef4f8b59,On My Mind,Bob Moses,downtempo,lead_single,1,True,2000000.0,2M+,1,False,242039,315513,0.7671284542950687
8ab72135-362c-450a-8881-3348ce4401ad,Lotis Eater,Boogie T,dubstep,single,0,False,980000.0,500k-2M,1,False,69925,89082,0.7849509440739992
d8145143-cffd-4249-8095-4973f906c4f8,Shifting The Lens,Steller,melodic-bass,single,0,False,126000.0,100k-500k,1,False,30241,37033,0.8165960089649772
500292f3-3a9b-481d-8c44-9ed9d642d791,Hustle,Zen Selekta,melodic-bass,single,0,False,17000.0,<100k,1,False,12922,15716,0.8222193942479002
cc49328f-6d0c-4445-85ff-ce848650d680,Ankaa,CloZee,melodic-bass,single,1,True,500000.0,500k-2M,1,False,149552,174339,0.8578229770734029
f4b1e800-ba7e-4175-9b8a-7a8c96346890,Bromance is Dead,Zomboy,dubstep,single,1,False,543000.0,500k-2M,1,False,84712,97310,0.8705374576097009
9760bc2d-7cd0-4352-934e-fb775efa681a,KOOLAID MAN,LSDREAM,melodic-bass,single,1,False,400000.0,100k-500k,1,False,74971,85381,0.8780759185298836
6b964a04-af53-4c4d-86b1-7347d698a705,Rump Shaker,Griz,dubstep,focus_track,2,True,1900000.0,500k-2M,1,False,392498,434090,0.9041857679283098
8988c2a1-11fb-4d6c-abbd-7822e3189a3c,Hold On,Rhye,downtempo,lead_single,2,False,2690000.0,2M+,1,False,246709,271409,0.9089934379478941
9152aade-80de-4330-aca1-272ed1dca802,Psychedelic Symphony,Big Gigantic,dubstep,single,0,False,876000.0,500k-2M,1,False,78512,84907,0.924682299457053
acad0151-eeb9-4105-a3d8-eb20a323653e,Freak No More,AC Slater,melodic-bass,single,0,False,537000.0,500k-2M,1,False,64150,68865,0.9315327089232557
1ab2927f-c9bf-404b-b5a0-65e0fef90553,The Other Side,Level Up,house,single,0,False,430000.0,100k-500k,1,False,59488,62619,0.9499992015203054
2e74db2b-efb6-4170-b002-35a50e2ebff3,Certified - sumthin sumthin Remix,Eazy Baked,dubstep,alternate_version,0,True,104000.0,100k-500k,2,True,26228,26988,0.9718393360011857
5ec3f0bc-0cd3-4dcb-b9cd-5433b27b134d,Close Your Mouth,Rhye,downtempo,lead_single,1,False,2730000.0,2M+,1,False,195298,194210,1.0056021832037485
db228801-1892-4dc7-8bc2-d440f8b4498d,Fatal,RHYE,downtempo,focus_track,1,False,2700000.0,2M+,1,False,200290,199093,1.0060122656246075
b34ab02f-88b1-42eb-a8f1-54faa6358a46,Pull Me Closer,LSDREAM,melodic-bass,single,1,True,403000.0,100k-500k,1,False,160631,158970,1.0104485122979179
d819dfc2-2d0e-490c-a4f7-576b3ea542b0,Steppin,Boogie T,melodic-bass,single,0,False,300000.0,100k-500k,1,False,55828,53679,1.0400342778367704
5262a673-1e75-434a-a410-64153311fc64,Is it over Now?,Elderbrook,downtempo,single,2,False,8640000.0,2M+,1,False,515951,447164,1.1538294674884382
d8f0f831-841f-4743-8ddb-4a413ab68512,Telekinesis,Zingara,dubstep,single,0,False,303000.0,100k-500k,1,False,65122,53908,1.2080210729390815
1825a25b-0767-45ee-8b92-031a2129802d,Eyes Cut Deeper,Subtronics,dubstep,single,2,True,3630000.0,2M+,1,False,744126,572644,1.2994565559055888
e3573939-bfd3-4f1e-8358-614c6d55f590,Fall Back To Nothing,Subtronics,dubstep,single,2,True,2920000.0,2M+,1,False,435526,304287,1.4313000555396713
88620604-3fed-44e0-915c-ffb2ce584aac,World is Mine,Kasbo,house,single,2,True,995000.0,500k-2M,1,False,507176,329131,1.5409548173827443
e8c58708-8cbb-41bb-97c8-2af77b48a284,Fara,O'Flynn,house,focus_track,1,False,254000.0,100k-500k,1,False,124086,72411,1.7136346687657953
03cdf258-6b2e-42c9-8250-4ad3041506f1,Bass Cannon (Flux's Version) - Crankdat Remix,Crankdat,dubstep,alternate_version,1,True,1202000.0,500k-2M,2,True,226684,102339,2.215030438053919
55c97458-59cb-48ec-b2bf-2e55b5c5a9d3,Fresh Baked Bread,Eazy Baked,dubstep,single,0,True,101000.0,100k-500k,2,True,83040,33689,2.4648995220992016
14af625a-751e-417f-9a75-01f70f8b11ba,Your loving,Duke Dumot,house,album_track,1,False,4100000.0,2M+,1,False,569707,231126,2.4649195676816973
7452a9ac-7a07-43ca-a2f5-6a180bc6238e,Movement,Crankdat,dubstep,single,2,False,1070000.0,500k-2M,1,False,468885,182939,2.563067470577624
014cb496-a6b7-4808-b802-9b2e2ae58197,Its Called Freefall (Griz Remix),Griz,dubstep,alternate_version,0,True,1127000.0,500k-2M,2,True,419766,154458,2.7176708231363866
