release_id,track_name,artist,genre,release_type,is_feature,editorial_tier,ml,ml_bin,tier,wk1,locked,live_ols_pred,live_pred,live_ols_log_resid,live_ratio,locked_ratio,A_pred,A_ols_log_resid,A_ratio,A_cooks_dropped,A_cooks_d0_dropped,B_pred,B_ols_log_resid,B_ratio,B_cooks_dropped,B_cooks_d0_dropped,C_pred,C_ols_log_resid,C_ratio,C_cooks_dropped,C_cooks_d0_dropped,D_pred,D_ols_log_resid,D_ratio,D_cooks_dropped,D_cooks_d0_dropped,E_pred,E_ols_log_resid,E_ratio,E_cooks_dropped,E_cooks_d0_dropped
500292f3-3a9b-481d-8c44-9ed9d642d791,Hustle,Zen Selekta,melodic-bass,single,False,0,17000.0,<100k,developing,12922,15716,20215.45136021265,20215.45136021265,-0.4475159456922899,0.6392140234589385,0.8222193942479002,24744.48874703641,-0.6496715021951278,0.5222172958229997,True,False,30115.321653084167,-0.846102782128975,0.4290839111352023,True,True,34400.72398171801,-0.9791463250020893,0.3756316293478967,True,True,8450.35908163015,0.42472234980230006,1.5291657875332834,True,False,7561.874237187935,0.5358122106984222,1.7088356133261158,True,False
6f456ebf-5c83-4397-b00b-2a24d4da77f2,Foreva,Caleb Jackson,house,single,False,1,48000.0,<100k,developing,10308,34462,51431.96294426432,51431.96294426432,-1.6073395335688456,0.20042011640058444,0.29911206546340896,64255.56087716493,-1.829947977857275,0.16042191304975825,True,True,70306.4291911712,-1.9199429554888425,0.14661532549137676,True,False,76540.47014502279,-2.0048993296633935,0.13467385267518245,True,False,33430.977591626724,-1.1765626501585853,0.30833678051286745,True,False,31124.069590326733,-1.1050611688676923,0.33119062306696856,True,False
ebe7f034-258c-45e2-b4e1-da3c30962ad5,Everybody High - Chesster Remix,Caleb Jackson,house,alternate_version,True,0,52000.0,<100k,developing,3039,22179,27046.56326170364,22178.181874596983,-2.1860314319627907,0.13702656138287367,0.13702150683078587,29404.665906622682,-2.3104468466449326,0.10335094469873027,True,True,34017.75985508647,-2.445813430468645,0.08933568856226717,True,True,37817.50053531112,-2.551702666159386,0.08035962073068292,True,True,14108.85532364734,-1.5657333309394943,0.21539663780565121,True,True,13239.655599418269,-1.5021472315920636,0.22953769281834863,True,True
55c97458-59cb-48ec-b2bf-2e55b5c5a9d3,Fresh Baked Bread,Eazy Baked,dubstep,single,True,0,101000.0,100k-500k,developing,83040,33689,32640.40432881018,32640.40432881018,0.9337715018735757,2.5440861321287134,2.4648995220992016,34336.973185730545,0.8830997103568929,2.418384391391523,False,False,37673.37916632584,0.7903686972949462,2.204208962338714,False,False,40401.677867067025,0.7204511039498325,2.0553601826445216,False,False,21390.2936546699,1.3563851678214327,3.8821346420305374,True,True,20620.02955755538,1.3930595073886973,4.0271523262474345,True,True
2e74db2b-efb6-4170-b002-35a50e2ebff3,Certified - sumthin sumthin Remix,Eazy Baked,dubstep,alternate_version,True,0,104000.0,100k-500k,developing,26228,26988,32912.06983734862,26987.89726662587,-0.2270119124487806,0.971843035449613,0.9718393360011857,33129.95604187488,-0.27443234159234464,0.7916702324279846,False,False,36665.99800484553,-0.3654815058098748,0.715322135689144,False,False,39251.257599427285,-0.43361514954819924,0.6682078894812964,False,False,21104.420149867612,0.18688583059800834,1.2427728321246736,False,False,20368.604218039734,0.2223736284768183,1.287668007058177,False,False
d8145143-cffd-4249-8095-4973f906c4f8,Shifting The Lens,Steller,melodic-bass,single,False,0,126000.0,100k-500k,developing,30241,37033,35646.790283920076,35646.790283920076,-0.16446048914771083,0.8483512753640943,0.8165960089649772,34928.85368336337,-0.1441146211936104,0.8657885046597966,False,False,36729.30166733505,-0.19437622750681527,0.823348079794684,False,False,38306.21186624675,-0.2364134532068647,0.7894542040751006,False,False,27055.223539316903,0.111318526083938,1.1177508829691796,False,False,26258.485242394883,0.1412094354138418,1.1516658223367455,False,False
442224b9-5178-45dc-bd78-7106fd6e3dc2,Satisfy,Pretty Girl,house,album_track,False,0,204000.0,100k-500k,developing,6592,35546,40857.97015398608,35546.43403396789,-1.8242451174765044,0.1854475752392135,0.18544983964440442,32635.819438109374,-1.750376538079978,0.20198665495441537,True,False,33911.495333393075,-1.7771593270132229,0.1943883610909005,True,False,34199.71864915313,-1.7856226921281078,0.1927501236962145,True,False,31141.43011650348,-1.6919443654631188,0.2116794243340338,True,False,30820.516456535875,-1.6815858616659618,0.21388350222152375,True,False
9cd4d4f1-ff5c-42ca-9ddc-bedd621b0c3e,Body Step,Pretty Girl,house,focus_track,False,1,204000.0,100k-500k,developing,34039,82126,77477.37883843275,82126.02156873872,-0.8224790817262342,0.41447277427787815,0.414472883130799,76653.83126648211,-0.8843633547402785,0.44406130049345616,False,False,77933.84453891286,-0.8902287975201855,0.4367678792363966,False,False,77759.58840562127,-0.887990344648312,0.4377466586170781,False,False,72834.28545312064,-0.8225552760127055,0.46734858162244214,False,False,71904.5451270826,-0.8097079549398085,0.4733914934005935,False,False
e8c58708-8cbb-41bb-97c8-2af77b48a284,Fara,O'Flynn,house,focus_track,False,1,254000.0,100k-500k,developing,124086,72411,82439.21523046042,87385.56814428806,0.40891363690281324,1.419982757279937,1.7136346687657953,79600.82309574007,0.3713797475681382,1.5588532275697111,False,False,80190.32265615939,0.37469662742383036,1.547393699013493,False,False,78680.10714950268,0.39370911452144597,1.5770949544364508,False,False,82726.34143288198,0.34356140063606944,1.4999575449698108,False,False,82399.3129243565,0.34752237129648833,1.5059106149818549,False,False
5d01b98b-fcd5-4847-b4e3-dbc34504d61b,Marathon,Boogie T,dubstep,single,False,0,298000.0,100k-500k,developing,31482,53526,45486.53702811827,45486.53702811827,-0.36800043874843524,0.692116878023466,0.5881627620221949,40506.04937180291,-0.2520353762307028,0.7772172425661256,False,False,40974.52888144922,-0.26353467292400623,0.7683309816956343,False,False,40117.980486653985,-0.24240867107098296,0.784735413350956,False,False,44610.2488927853,-0.3485476744967375,0.7057122697446215,False,False,44834.040311865756,-0.35355172535472157,0.7021896706388959,False,False
d819dfc2-2d0e-490c-a4f7-576b3ea542b0,Steppin,Boogie T,melodic-bass,single,False,0,300000.0,100k-500k,developing,55828,53679,45572.776119676455,45572.776119676455,0.20296501232980368,1.2250296065658322,1.0400342778367704,40552.70337756441,0.3196730895497275,1.376677640457543,False,False,41011.69028497008,0.30841838068190164,1.3612703990515551,False,False,40132.38933674227,0.33009181322616676,1.391095843598028,False,False,44783.93841493473,0.2204259780320097,1.2466076449717127,False,False,45020.80705288912,0.2151507737871956,1.2400488497333002,False,False
d8f0f831-841f-4743-8ddb-4a413ab68512,Telekinesis,Zingara,dubstep,single,False,0,303000.0,100k-500k,developing,65122,53908,45701.36532036365,45701.36532036365,0.3541342605803717,1.4249464877799372,1.2080210729390815,40622.20386643086,0.47194762337546514,1.603113415858147,False,False,41067.09914220862,0.46105514031724404,1.5857462874232535,False,False,40153.833069875516,0.48354452917834045,1.6218127889976282,False,False,45043.56556376638,0.36863228867325226,1.4457558851065948,False,False,45300.075931275576,0.36295372507869494,1.437569334294188,False,False
9760bc2d-7cd0-4352-934e-fb775efa681a,KOOLAID MAN,LSDREAM,melodic-bass,single,False,1,400000.0,100k-500k,developing,74971,85381,93752.46685130538,93752.46685130538,-0.22355660549011525,0.7996696248953808,0.8780759185298836,92549.80633943186,-0.21064557442582021,0.8100611223867876,False,False,90775.66796483997,-0.19128990364549203,0.8258931240146691,False,False,85767.97467053443,-0.13454430913372128,0.874114146777868,False,False,114575.94137638238,-0.4241364745125953,0.6543345758226851,False,False,116243.37834267106,-0.4385847102571905,0.6449485645452836,False,False
b34ab02f-88b1-42eb-a8f1-54faa6358a46,Pull Me Closer,LSDREAM,melodic-bass,single,True,1,403000.0,100k-500k,developing,160631,158970,91587.26601959876,91587.26601959876,0.5618175642744383,1.7538573535498545,1.0104485122979179,94632.6174205418,0.5291075993780812,1.6974168566654482,False,False,95640.08722773685,0.5185177544053143,1.679536318463488,False,False,91576.90188965049,0.5619307319324758,1.7540558447102657,False,False,103453.08925396345,0.43999154300114895,1.5526940873236994,False,False,105219.77394950889,0.4230585610975801,1.5266236941079243,False,False
1ab2927f-c9bf-404b-b5a0-65e0fef90553,The Other Side,Level Up,house,single,False,0,430000.0,100k-500k,developing,59488,62619,50463.637540875396,50463.637540875396,0.16452158331282618,1.1788290123123784,0.9499992015203054,43144.53443247481,0.32121886640127073,1.378807322468718,True,False,43117.748476029825,0.32183990160698883,1.379663876305387,True,False,40915.55956225376,0.3742641914402345,1.4539212132608852,True,False,55201.55233423608,0.07478353665436899,1.0776508537261815,True,False,56309.30578983277,0.05491480071233035,1.0564506020022926,True,False
19feb499-caaa-436c-9010-ecdc4ef57d0a,Love Is The Dance,Âme,house,focus_track,True,1,473000.0,100k-500k,developing,105276,194082,95836.59979262507,101586.79578018258,0.09394081715321612,1.0363157848565305,0.5424305190589545,90467.7505726219,0.07902134016415197,1.1636853943382948,False,False,91983.15236309433,0.07310463542492762,1.1445139386442582,False,False,86825.62336380396,0.13080829106899117,1.2124992130363175,False,False,106728.28489401797,-0.0755761420033263,0.9863926896655362,False,False,109257.94957849603,-0.09900152713285237,0.963554600888467,False,False
cc49328f-6d0c-4445-85ff-ce848650d680,Ankaa,CloZee,melodic-bass,single,True,1,500000.0,500k-2M,mid,149552,174339,97355.01753567293,97355.01753567293,0.4292798867517309,1.5361509225264223,0.8578229770734029,98210.91708275744,0.42052677733677335,1.5227635016785352,False,False,98645.35472736733,0.41611301550029367,1.5160571971516217,False,False,92643.36847963864,0.47888678431330156,1.6142763638054554,False,False,73676.94679603873,0.707954206059183,2.0298343851572405,False,False,73763.16705164089,0.7067846428625693,2.027461753307041,False,False
acad0151-eeb9-4105-a3d8-eb20a323653e,Freak No More,AC Slater,melodic-bass,single,False,0,537000.0,500k-2M,mid,64150,68865,53741.0627459755,53741.0627459755,0.1770467123724888,1.193686851769674,0.9315327089232557,44826.37192088224,0.35842746588415686,1.4310772264421405,False,False,44527.526411524974,0.3651165220801573,1.4406818696175356,False,False,42103.926094634975,0.42108309831678703,1.5236108826481674,False,False,39462.97618170248,0.48586117056164646,1.6255743029777867,False,False,39530.4731362437,0.4841522447823401,1.6227986894794784,False,False
06559c79-4f6b-4652-82fe-105f069045ab,Valley Of Violence - Borgore Remix,Zomboy,big-room,alternate_version,False,1,540000.0,500k-2M,mid,63833,83696,102067.97750565501,83695.7415546371,-0.4693687394346959,0.7626791855154234,0.7626768304339514,93556.94689127282,-0.42312200506838593,0.6822903282017476,False,False,91944.66649507555,-0.39537585444213086,0.6942545166925894,False,False,86082.13962502297,-0.3294908618210801,0.7415359362355413,False,False,83129.6322384154,-0.2945901330776657,0.7678729988474777,False,False,83066.33185189434,-0.29382837703950315,0.7684581535851733,False,False
2cf739fc-b447-4052-a87a-d58fc0b115ef,Time Machine,Zomboy,dubstep,single,True,1,540000.0,500k-2M,mid,123642,180176,99499.98000030164,99499.98000030164,0.2172328499653755,1.2426334156009395,0.686229020513276,99520.30545669938,0.21702859484211778,1.2423796272791365,False,False,99762.39454343502,0.21459898900254615,1.2393647983877147,False,False,94716.99273236153,0.2664968715211238,1.305383505464229,False,False,77045.79817068033,0.47299026664919097,1.6047857629574378,False,False,77155.28824523673,0.4715701716874534,1.6025084321764966,False,False
f4b1e800-ba7e-4175-9b8a-7a8c96346890,Bromance is Dead,Zomboy,dubstep,single,False,1,543000.0,500k-2M,mid,84712,97310,102228.22956724682,102228.22956724682,-0.18795059035764616,0.8286556498004843,0.8705374576097009,97548.11264445462,-0.14108845118285807,0.8684124961880098,False,False,94865.60400249441,-0.11320392713646577,0.8929685410296083,False,False,88886.00121070376,-0.04809739529627777,0.953040960850412,False,False,85976.92678007875,-0.014821698873381806,0.9852876018316598,False,False,85913.00770141427,-0.014077977819516363,0.9860206535244546,False,False
a169f11f-18fc-4cef-bd90-1357ea679867,OBSESSED,BORGORE,house,focus_track,False,1,630000.0,500k-2M,mid,47365,106810,106622.025938029,113019.34749431074,-0.8114065533687622,0.41908753722352093,0.4434509877352308,93069.78463932226,-0.7480367177377616,0.5089191963165686,False,False,91165.09748653694,-0.7166639652228959,0.5195519042470695,False,False,87201.680439251,-0.6722154462121672,0.5431661380997904,False,False,88105.76589794,-0.6825298223868366,0.5375925118779025,False,False,88082.86592575282,-0.6822698740339934,0.5377322763308485,False,False
d81bd447-4dd9-47a6-ae1a-25e25a7833b8,Ashiko,O'Flynn,house,lead_single,False,1,786000.0,500k-2M,mid,47407,113996,113515.35481662554,113515.35481662554,-0.8731682153768752,0.41762632092003765,0.4158654689638233,103958.64866809774,-0.785223313990965,0.45601785524697763,False,False,100306.0365259196,-0.7494559807395369,0.4726235991564654,False,False,98862.76318111182,-0.7349627608120048,0.4795233157013087,False,False,106584.67380363867,-0.8101698313240355,0.44478252180363276,False,False,106633.74023914363,-0.8106300770921262,0.444577859631314,False,False
f9ced8aa-e3c2-4289-aa4e-de9d50b84c4c,Crossroads City,Gramatik,melodic-bass,single,True,1,814000.0,500k-2M,mid,43480,214764,111761.65593810422,111761.65593810422,-0.9440674694980995,0.38904219551006003,0.20245478758078636,106803.04239531573,-0.8986853507148691,0.4071045077448748,False,False,106142.97969651975,-0.8924859880193203,0.4096361353743458,False,False,106583.9439509111,-0.8966318185370081,0.4079413689178681,False,False,97789.23002523428,-0.8105133862824747,0.44462974080867684,False,False,98059.11319206089,-0.813269430405434,0.44340600872903113,False,False
e1640e4a-2059-4629-914b-c2bbb585d2db,The Montauk,gramatik,dubstep,single,True,1,825000.0,500k-2M,mid,47618,216002,112187.27220621622,112187.27220621622,-0.8569587071899871,0.42445100111241957,0.22045166248460663,107050.04083740945,-0.810085555498679,0.44482000779732095,False,False,106364.33305348842,-0.803659464030801,0.4476876659025718,False,False,106996.24060820973,-0.8095828583252516,0.445043673771341,False,False,98554.77401335319,-0.7274016339592304,0.48316279426046105,False,False,98831.0883964701,-0.7302013741253734,0.4818119558592329,False,False
9152aade-80de-4330-aca1-272ed1dca802,Psychedelic Symphony,Big Gigantic,dubstep,single,False,0,876000.0,500k-2M,mid,78512,84907,61728.91351558442,61728.91351558442,0.24049904368655284,1.2718837175091122,0.924682299457053,48764.985555552375,0.47623893312883503,1.6100076541714599,False,False,47959.54461586603,0.49289364431533933,1.637046402939084,False,False,48467.63602614477,0.48235520257680875,1.6198850704756567,False,False,52439.41182767882,0.4035930366156588,1.4971945196105236,False,False,52612.85130302955,0.40029106809511283,1.4922589834145545,False,False
a0825241-32a2-4574-8f6e-339fcbe9df0c,beautiful colors,big gigantic,dubstep,single,True,2,877000.0,500k-2M,mid,127667,311825,216450.5484116909,216450.5484116909,-0.5279367960741403,0.5898206354144976,0.4094187444880943,234968.66874409863,-0.6100268692872763,0.5433362698200436,False,False,228405.08937831258,-0.5816954488005877,0.5589498918237422,False,False,229153.5411360701,-0.5849669527145505,0.5571242729528323,False,False,221048.6750313808,-0.548957614802088,0.5775515278789886,False,False,221161.41626013778,-0.5494675137547347,0.5772571100278795,False,False
8ab72135-362c-450a-8881-3348ce4401ad,Lotis Eater,Boogie T,dubstep,single,False,0,980000.0,500k-2M,mid,69925,89082,63721.39941817988,63721.39941817988,0.09290279229455756,1.0973550587159613,0.7849509440739992,49715.60418013469,0.34110438785575603,1.4065000547240771,False,False,48815.01750370182,0.3593852378382554,1.4324485286663542,False,False,50057.08728889629,0.33425913917796635,1.3969050895118866,False,False,55970.934729660636,0.22259070577640294,1.2493091340664122,False,False,56176.56646860936,0.218923535893909,1.2447360954157471,False,False
88620604-3fed-44e0-915c-ffb2ce584aac,World is Mine,Kasbo,house,single,True,2,995000.0,500k-2M,mid,507176,329131,224327.82119901312,224327.82119901312,0.8157496138949742,2.2608698167226313,1.5409548173827443,240128.99073371134,0.7476818430396559,2.112098162118325,True,False,232999.23078998152,0.7778229311617686,2.1767282161422807,True,False,237626.71790803215,0.7581570531170261,2.134339120049163,True,False,237868.70362034868,0.7571392274040907,2.132167839992437,True,False,238087.84232141872,0.756218392431137,2.1302053689718106,True,False
7452a9ac-7a07-43ca-a2f5-6a180bc6238e,Movement,Crankdat,dubstep,single,False,2,1070000.0,500k-2M,mid,468885,182939,234902.01549729283,234902.01549729283,0.6911890639571361,1.9960875985136184,2.563067470577624,238105.27713862646,0.6776446190344121,1.9692339692539114,False,False,223966.2389145357,0.7388622144563488,2.093552145504055,False,False,227345.5122055023,0.7238865953287217,2.062433498032568,False,False,275998.9801289085,0.5299603652953735,1.6988649732727343,False,False,275716.37801899464,0.5309848143358291,1.7006062656448273,False,False
014cb496-a6b7-4808-b802-9b2e2ae58197,Its Called Freefall (Griz Remix),Griz,dubstep,alternate_version,True,0,1127000.0,500k-2M,mid,419766,154458,64625.91218472525,52993.2479914747,1.8710819653854376,7.921122329915123,2.7176708231363866,49924.808870215245,2.0883573676819154,8.407964086376886,True,True,50962.6734785777,2.07814473349052,8.236734287035585,True,True,53948.85215403423,2.0212017903028787,7.780814294278,True,True,52937.2271181113,2.0401313880684704,7.929504865516206,True,True,53271.996889793394,2.033827399249006,7.8796745852871295,True,True
03cdf258-6b2e-42c9-8250-4ad3041506f1,Bass Cannon (Flux's Version) - Crankdat Remix,Crankdat,dubstep,alternate_version,True,1,1202000.0,500k-2M,mid,226684,102339,124803.88737091851,102339.18764415318,0.5968133729109013,2.2150263766819225,2.215030438053919,109644.40237608169,0.6854925590072263,2.067447084279515,False,False,109536.0108023341,0.6968444087150427,2.0694929305857976,False,False,115651.95549663098,0.6425124723999964,1.9600533257442712,False,False,118961.1186637971,0.6143010638771411,1.905530164361053,False,False,119440.89051160973,0.6102761607552445,1.8978760040136018,False,False
6b964a04-af53-4c4d-86b1-7347d698a705,Rump Shaker,Griz,dubstep,focus_track,True,2,1900000.0,500k-2M,mid,392498,434090,269422.9876818722,285588.3669427846,0.3762488521492475,1.374348697048413,0.9041857679283098,249616.45533134797,0.380035187702763,1.5724043492204351,False,False,243736.06850469476,0.41457008455797073,1.6103402438873746,False,False,269045.80904671486,0.3157743789925469,1.458851938228296,False,False,325589.3036026961,0.12501925570429506,1.2055002902642955,False,False,326576.21950845467,0.12199267234731792,1.2018572588989098,False,False
c688c0c1-ce26-44b9-a3fd-1411352daa0c,When I'm Hot,Griz,dubstep,album_track,True,1,1950000.0,500k-2M,mid,225215,312113,143130.10024649932,124523.1872144544,0.45330149292375843,1.8086189812354683,0.7215816066616898,106751.80562474359,0.59572604528962,2.109706704087807,False,False,106531.8421883282,0.609349506028483,2.1140627569535724,False,False,119217.36837311514,0.49684498232884344,1.8891123254385518,False,False,141327.42818890553,0.3267140501651884,1.5935689404817162,False,False,142121.07608756202,0.3211140913669066,1.5846699602896555,False,False
6d761fa4-d938-4a94-84d8-73953432b604,Last Forever (Club Mix),Bob Moses,house,lead_single,False,1,2000000.0,2M-5M,established,92691,170000,147880.55452212636,147880.55452212636,-0.46713350339302906,0.6267964053795273,0.5452411764705882,122084.94008973513,-0.27544565224126494,0.759233693622408,True,False,116853.9338120477,-0.23165334542438742,0.7932210493579764,True,False,129329.10201444462,-0.3330889535569277,0.7167064377331519,True,False,101831.68097694598,-0.09404988324637564,0.910237355513994,True,False,103495.02408319419,-0.11025215457895143,0.8956082750943716,True,False
59d045b2-c9ed-45bb-ae34-9b3c2a0cd90f,Higher Ground,Bob Moses,downtempo,album_track,False,2,2000000.0,2M-5M,established,64121,239080,280420.1408529962,243965.5225421067,-1.4755170582081423,0.26282812149791857,0.2681989292287101,228042.2897489758,-1.4195820594669488,0.2811803024368114,True,False,216238.5642950121,-1.3548724064967317,0.29652897580526094,True,False,236776.35662389707,-1.4456061966425153,0.27080828894521675,True,False,191774.5072463098,-1.2348103843613458,0.3343562234663692,True,False,194422.51329708635,-1.2485238384181834,0.32980234085350096,True,False
002c00c4-803d-4ce6-a3fd-9f35e2e2ba80,Freaks,Joshwa,house,album_track,False,1,2000000.0,2M-5M,established,71982,170000,147880.55452212636,128656.08243424993,-0.7199887961120659,0.5594916201244244,0.4234235294117647,104993.04847717221,-0.5283009449603018,0.6855882464985333,False,False,101662.9224164815,-0.48450863814342426,0.7080457485287709,False,False,112516.31875256682,-0.5859442462759645,0.6397472010997328,False,False,88593.562449943,-0.3469051759654125,0.8124969581245947,False,False,90040.67095237895,-0.3631074472979883,0.79943873405908,False,False
fa462427-e169-4f27-8642-fa43949bbc2c,leave like this,bob moses,downtempo,lead_single,False,2,2000000.0,2M-5M,established,135101,239080,280420.1408529962,280420.1408529962,-0.7302663347225753,0.4817806580834134,0.5650870001673081,265165.4531964835,-0.6743313359813818,0.5094969890360953,True,False,248550.07390231275,-0.6096216830111647,0.5435564668272782,True,False,272156.7317516058,-0.7003554731569483,0.49640881241660806,True,False,220430.4680992067,-0.48955966087577885,0.6128962169567076,True,False,223474.1532150418,-0.5032731149326164,0.6045486605781957,True,False
b78f3cf3-aded-4651-b6ee-398984d18c04,Lets Get Ill,Joshwa,house,single,False,1,2000000.0,2M-5M,established,99007,170000,147880.55452212636,147880.55452212636,-0.4012143291672423,0.6695065508777643,0.5823941176470588,122084.94008973513,-0.2095264780154782,0.8109681663211504,False,False,116853.9338120477,-0.16573417119860068,0.8472714334054565,False,False,129329.10201444462,-0.26716977933114094,0.7655430870380745,False,False,101831.68097694598,-0.028130709020588895,0.9722612751763818,False,False,103495.02408319419,-0.044332980353164686,0.95663536365201,False,False
c49119e6-b37b-434d-a6c0-040fef4f8b59,On My Mind,Bob Moses,downtempo,lead_single,True,1,2000000.0,2M-5M,established,242039,315513,144159.9273050146,144159.9273050146,0.518175580603172,1.6789617234468506,0.7671284542950687,124672.01737325598,0.6634124422653684,1.9414059794617633,True,False,122985.92003755088,0.6770289926164192,1.9680220298884543,True,False,138032.97360958543,0.5616062743814059,1.753486820363566,True,False,91547.76510867447,0.9722380110766125,2.6438548195325193,True,False,93246.35613432746,0.9538538887441348,2.595693923431464,True,False
eb7df52a-16fc-4668-8afb-ee132a9ed07e,Work Your Body,Joshwa,house,single,False,1,2000000.0,2M-5M,established,116036,170000,147880.55452212636,147880.55452212636,-0.2425043960859572,0.7846602981370233,0.682564705882353,122084.94008973513,-0.050816544934193075,0.950453019960619,False,False,116853.9338120477,-0.007024238117315562,0.9930003741819826,False,False,129329.10201444462,-0.10845984624985583,0.8972149206374298,False,False,101831.68097694598,0.13057922406069622,1.1394882112008913,False,False,103495.02408319419,0.11437695272812043,1.1211746750908989,False,False
fc29b252-3e12-4161-81fb-cb0a61efdd2d,For The Girls,Hayden James,house,single,True,1,2658000.0,2M-5M,established,88782,356347,156251.17992541826,156251.17992541826,-0.5652809133622227,0.5682005092209697,0.24914479425952793,130926.1954642562,-0.3884498442843771,0.6781072319804643,False,False,129276.61918139391,-0.375770516548366,0.6867599149961211,False,False,135679.99073345814,-0.424115176998102,0.654348511671196,False,False,107996.29927037239,-0.19591303377360347,0.8220837250888686,False,False,108866.80559144184,-0.203941241219189,0.8155102881697787,False,False
b47d846d-5690-4718-b51e-c8203bb55828,One I Want,Hayden James,house,single,True,1,2674000.0,2M-5M,established,88421,357264,156516.9481367408,156516.9481367408,-0.5710548009276124,0.5649292364348373,0.24749484974696584,131061.48699751616,-0.3935570814838627,0.6746528062944664,False,False,129414.96623733596,-0.3809145360982793,0.6832362791629792,False,False,135630.7763806399,-0.42782681622016305,0.6519243077386182,False,False,108373.49067221438,-0.20347401011115096,0.815891408974151,False,False,109223.16796053725,-0.21128370362607107,0.8095443636275671,False,False
753c1cbc-c4ec-438a-8381-e286f7d77643,Merida,Rhye,downtempo,album_track,False,1,2679000.0,2M-5M,established,51509,139758,160641.45423096584,139758.0651809403,-1.1374183395120259,0.36855833638876545,0.3685585082785959,110409.45575489182,-0.9132621201805922,0.4665270709634653,False,False,107012.95409903978,-0.8704554111306724,0.4813342499855556,False,False,110545.70534137993,-0.9029345760888479,0.4659520678884206,False,False,104990.21068368136,-0.8513726318777408,0.490607644889754,False,False,105575.56360202713,-0.8569324568605321,0.4878875209623886,False,False
8988c2a1-11fb-4d6c-abbd-7822e3189a3c,Hold On,Rhye,downtempo,lead_single,False,2,2690000.0,2M-5M,established,246709,271409,304971.79935595824,304971.79935595824,-0.21200980677819103,0.8089567642680469,0.9089934379478941,279041.57397232373,-0.12315127694744987,0.8841299039707589,True,False,261821.34788356585,-0.05945288844292662,0.9422799248200096,True,False,267323.9484915221,-0.08025170876246612,0.9228840191541018,True,False,261849.7077146746,-0.05956120006654331,0.9421778704783864,True,False,262615.9028885235,-0.0624830149708675,0.9394290189072224,True,False
db228801-1892-4dc7-8bc2-d440f8b4498d,Fatal,RHYE,downtempo,focus_track,False,1,2700000.0,2M-5M,established,200290,199093,160997.03420527081,170656.85625758706,0.21838037258362242,1.173641683037247,1.0060122656246075,119556.81484747733,0.44340392703739795,1.6752704582797453,False,False,115784.3568476939,0.48616144425235674,1.7298537164521048,False,False,119383.82471177216,0.4555471922393277,1.677697966902629,False,False,113953.43459867501,0.5021010160791874,1.7576477681904716,False,False,114556.18797916456,0.49682548525789194,1.7483996590077584,False,False
5ec3f0bc-0cd3-4dcb-b9cd-5433b27b134d,Close Your Mouth,Rhye,downtempo,lead_single,False,1,2730000.0,2M-5M,established,195298,194210,161501.58262205706,161501.58262205706,0.19001165504271889,1.2092636915951014,1.0056021832037485,128800.40637344976,0.4162626284361526,1.5162840358883969,True,False,123418.13959945,0.45894849813191385,1.5824092036538064,True,False,126919.26372768245,0.43097543155067086,1.538757744600778,True,False,122007.75874697475,0.4704419581770196,1.600701480018315,True,False,122603.77911425012,0.46556874939857273,1.5929199035374653,True,False
c41f626b-5ae4-4264-aa9e-a19277cb4068,Eyes Cut Deeper - Mport Remix,Subtronics,dubstep,alternate_version,True,1,2900000.0,2M-5M,established,16077,131327,160154.5825288868,131326.75767368716,-2.2987498104449084,0.12241983495813674,0.12241960906744234,127588.1180878819,-2.112239563480804,0.12600703138301847,True,False,127369.68145240948,-2.100163263939951,0.126223131098958,True,False,130918.1751431769,-2.1276420391227706,0.12280189501891244,True,False,110195.863770513,-1.9553288904753927,0.14589476818731556,True,False,110732.2294075934,-1.9601844675382463,0.1451880819704469,True,False
e3573939-bfd3-4f1e-8358-614c6d55f590,Fall Back To Nothing,Subtronics,dubstep,single,True,2,2920000.0,2M-5M,established,435526,304287,304286.53009213513,304286.53009213513,0.35858470530450326,1.4313022658877697,1.4313000555396713,289006.43513369316,0.4101055412399113,1.506976824922696,False,False,279641.71006295504,0.4430453191478101,1.5574429147281037,False,False,283903.4005277225,0.42792045468910445,1.5340640485124162,False,False,246897.27843654528,0.5675821226509044,1.7639967631799307,False,False,247420.3948133885,0.5654656028482208,1.7602671773621819,False,False
1825a25b-0767-45ee-8b92-031a2129802d,Eyes Cut Deeper,Subtronics,dubstep,single,True,2,3630000.0,2M-5M,established,744126,572644,323630.29127130454,323630.29127130454,0.8326085873869538,2.299308872098709,1.2994565559055888,300036.590564032,0.9083059395674731,2.4801175036722496,False,False,290948.8063232864,0.9390630469253889,2.5575839591971654,False,False,280192.60425391345,0.976733136303972,2.6557660291620877,False,False,280174.97714780056,0.9767960489588212,2.6559331157095145,False,False,278552.4282852025,0.982604081312239,2.6714037446412386,False,False
14af625a-751e-417f-9a75-01f70f8b11ba,Your loving,Duke Dumot,house,album_track,False,1,4100000.0,2M-5M,established,569707,231126,181213.6344948311,157655.86201050304,1.1454455572450115,3.6136112716319175,2.4649195676816973,118798.4129099046,1.4168712563498946,4.795577533784559,False,False,115653.3725425085,1.4552625763637934,4.9259869165562264,False,False,107738.2980889837,1.5261550055822788,5.287878220699802,False,False,134435.44144475268,1.3047760316942103,4.237773862885151,False,False,133106.5560752185,1.3147101452945744,4.280082189776277,False,False
cb8923f0-5d68-4ee9-82c0-21beb068c216,Ultra Love RYOS Remix,KSHMR,big-room,alternate_version,True,1,4300000.0,2M-5M,established,146763,385257,179053.0170996336,146823.47402169954,-0.19886290608545742,0.999588117485283,0.38094830204253266,136536.87239269842,0.031402340728895695,1.074896454181914,False,False,136928.10383017978,0.03890383481349424,1.0718252564281296,False,False,127837.65576703227,0.10759868872242784,1.1480420156284525,False,False,138531.23045458354,0.027264042475639627,1.0594217601215574,False,False,137223.28295537358,0.03675043159550917,1.069519667793758,False,False
d1007c54-44c1-4864-bb54-f06eb508a75e,Bass Down Low,KSHMR,big-room,alternate_version,True,1,4337000.0,2M-5M,established,111467,439400,179487.95729410567,147180.12498116665,-0.47637953242555753,0.75735089920778,0.25368001820664543,136738.33769417007,-0.2451625672731339,0.815184694209958,False,False,137148.40680811895,-0.23779422541315043,0.8127473194490025,False,False,127771.46286792075,-0.1669738462822732,0.8723935493735803,False,False,139222.48004869156,-0.25280385398025906,0.8006393792224906,False,False,137864.99195779275,-0.2430055116603711,0.8085228774693254,False,False
f943607f-0f5f-42fb-a138-fd5907ad7b80,Khoye Yahaan Reimagined,KSHMR,big-room,alternate_version,False,0,4500000.0,2M-5M,established,98312,171023,98116.25890920953,80455.33230555181,0.0019930040277174044,1.2219451114393818,0.574846658051841,62042.028492777135,0.4195120661573206,1.5846032502216683,True,False,61690.98500004526,0.43554907747134486,1.5936202023671349,True,False,56761.76305578301,0.5188239740992984,1.7320110353757547,True,False,73091.07425799446,0.2659806313708639,1.3450616371156559,True,False,72303.42922213985,0.27681532899929095,1.3597142079935558,True,False
78b3e4d8-58eb-4848-a207-f00119ae2ac3,Need your love,Cedric Gervais,house,single,True,1,5500000.0,5M+,established,41164,486416,191977.81357425032,191977.81357425032,-1.5398157230762433,0.214420610557059,0.08462715042268347,148379.62641746603,-1.282209945042526,0.2774235317467716,True,False,147919.4980904584,-1.2791041059844641,0.2782865040200897,True,False,129845.03493241481,-1.148777612456728,0.3170240588823911,True,False,164769.0158377076,-1.3869805011317773,0.24982852383208548,True,False,161757.2169716459,-1.3685324624745334,0.2544801448161386,True,False
b02bf3e7-5d2d-4f87-988c-f871ff664f70,STOMP,Cedric Gervais,house,single,True,1,5590000.0,5M+,established,32561,489806,192862.2150799658,192862.2150799658,-1.7788607692525176,0.16883037450596192,0.06647734000808483,148794.66654915735,-1.519452025479561,0.218831768336554,False,False,148382.42002724926,-1.5166776070942625,0.21943974221488252,False,False,129717.69740621523,-1.3822452775964322,0.2510143230343826,False,False,166330.04018870083,-1.6308587552292604,0.1957613908050504,False,False,163193.23600440455,-1.6118197424262206,0.19952420086284206,False,False
0562db03-e2be-4398-9a92-45b5184c1dd9,Light Down - Kasango Remix,Kasango,house,alternate_version,True,1,6200000.0,5M+,established,3415,162854,198602.2524942915,162853.847045319,-4.063126600388509,0.020969722619138823,0.02096970292409152,145411.66219934638,-3.7922132710788485,0.02348504891800453,True,True,146847.25592140594,-3.791674685663052,0.023255456689144676,True,True,125040.85893695772,-3.6309222698490693,0.0273110727887894,True,True,171345.70792907116,-3.9459649139078437,0.019930467131476937,True,True,167481.55505536395,-3.923154940591072,0.020390305062973128,True,True
5262a673-1e75-434a-a410-64153311fc64,Is it over Now?,Elderbrook,downtempo,single,False,2,8640000.0,5M+,established,515951,447164,424385.04620073905,424385.04620073905,0.19537062876686484,1.2157614991833365,1.1538294674884382,341097.1543614599,0.4138444528769121,1.5126218246114358,False,False,326721.9316397748,0.4569023525556002,1.579174674349252,True,True,249117.55169357976,0.7280869195143591,2.071114606306951,True,True,515765.45403238403,0.00035968403700614715,1.0003597487310663,False,False,495758.4294318694,0.03992302908422296,1.0407306651170227,False,False
