release_id,track_name,artist_name,genre,release_type,is_feature,editorial_tier,wk1_streams,frozen_ml,is_multi_artist,roster_n,roster_roles,A_ml,A_pred,A_ratio,A_log_resid,A_cooks_dropped,A_cooks_d0,A_cooks_d0_dropped,B_ml,B_pred,B_ratio,B_log_resid,B_cooks_dropped,B_cooks_d0,B_cooks_d0_dropped,C_ml,C_pred,C_ratio,C_log_resid,C_cooks_dropped,C_cooks_d0,C_cooks_d0_dropped,D_ml,D_pred,D_ratio,D_log_resid,D_cooks_dropped,D_cooks_d0,D_cooks_d0_dropped,E_ml,E_pred,E_ratio,E_log_resid,E_cooks_dropped,E_cooks_d0,E_cooks_d0_dropped,F_ml,F_pred,F_ratio,F_log_resid,F_cooks_dropped,F_cooks_d0,F_cooks_d0_dropped,G_ml,G_pred,G_ratio,G_log_resid,G_cooks_dropped,G_cooks_d0,G_cooks_d0_dropped
0562db03-e2be-4398-9a92-45b5184c1dd9,Light Down - Kasango Remix,Kasango,house,alternate_version,True,1,3415,6200000.0,True,2,primary:Kasango|original:Meloko,6200000.0,145411.66219934614,0.02348504891800457,-3.7922132710788468,True,0.31275100784904547,True,270000.0,74277.76350467687,0.04597607465368792,-3.1415095377426674,True,0.16035141246037168,True,6200000.0,139295.5190842419,0.02451622293704011,-3.749242214387861,True,0.27678737863684166,True,6470000.0,120460.31857232045,0.02834958466384717,-3.5936021067056156,True,0.2740772092705556,True,6267500.0,136058.22520000508,0.02509954833660341,-3.7257274220841907,True,0.29976563463222566,True,6335000.0,137884.51076062088,0.024767103869474706,-3.7390609577301337,True,0.2894689754568172,True,1293831.5191708675,129806.35350345435,0.026308419486640318,-3.6997416621761285,True,0.13639206454258004,True
e3573939-bfd3-4f1e-8358-614c6d55f590,Fall Back To Nothing,Subtronics,dubstep,single,True,2,435526,2920000.0,False,1,primary:Subtronics,2920000.0,289006.43513369316,1.506976824922696,0.4101055412399113,False,0.010227336014102917,False,2920000.0,319373.9009104848,1.3636868847403745,0.31019197642715746,False,0.011358295567007013,False,2920000.0,293291.92717230954,1.4849573399411287,0.39538604452965487,False,0.010367446984676816,False,2920000.0,279285.3409383538,1.5594302176286903,0.44432050943339085,False,0.010681184034326479,False,2920000.0,293301.82046029426,1.484907251228464,0.39535231321892894,False,0.010401822679294131,False,2920000.0,292906.2139110748,1.4869128045614766,0.3967020272660964,False,0.01052257136373462,False,2920000.0000000023,336966.1717122388,1.2924917590004523,0.25657195136499666,False,0.009705473404794343,False
ebe7f034-258c-45e2-b4e1-da3c30962ad5,Everybody High - Chesster Remix,Caleb Jackson,house,alternate_version,True,0,3039,52000.0,True,2,primary:Caleb Jackson|remixer:Chesster,52000.0,29404.665906622682,0.10335094469873027,-2.3104468466449326,True,0.1807936864889859,True,52000.0,22971.30792886086,0.1322954709157783,-2.084592845606121,True,0.14167159423114903,True,314000.0,38533.790505029254,0.07886584631749019,-2.580829012402754,True,0.14351272676634536,True,366000.0,36807.725148923484,0.08256418965595547,-2.524638439219382,True,0.14369605448022332,True,130500.0,34368.22231045536,0.08842470735169469,-2.4664258479815526,True,0.15406004539109636,True,209000.0,36064.73007652646,0.08426515306094032,-2.514608862152391,True,0.14652020254908577,True,127781.06275970634,36917.67712895188,0.08231828859071771,-2.5590373811048526,True,0.1459463438337346,True
06559c79-4f6b-4652-82fe-105f069045ab,Valley Of Violence - Borgore Remix,Zomboy,big-room,alternate_version,False,1,63833,540000.0,True,2,primary:Zomboy|remixer:Borgore,540000.0,93556.94689127282,0.6822903282017476,-0.42312200506838593,False,0.0004026835658734306,False,540000.0,84791.72124122654,0.7528211370824701,-0.3458030168709616,False,0.0001582364648229002,False,635000.0,101829.53712773832,0.6268613390624155,-0.5078519071474084,False,0.0005635464030380336,False,1175000.0,113019.48166983118,0.5647964320565385,-0.6017491174881169,False,0.001567484758942843,False,698750.0,103982.59068615078,0.6138816082460021,-0.5287751843937532,False,0.0006507940582533635,False,857500.0,106687.47835940881,0.5983176374734378,-0.5544554942271276,False,0.0009304891529489125,False,585576.638878294,92310.75086659458,0.691501254195733,-0.4307657178649773,False,0.00028026922565294195,False
2e74db2b-efb6-4170-b002-35a50e2ebff3,Certified - sumthin sumthin Remix,Eazy Baked,dubstep,alternate_version,True,0,26228,104000.0,True,2,primary:Eazy Baked|remixer:sumthin sumthin,104000.0,33129.95604187488,0.7916702324279846,-0.27443234159234464,False,0.00010723232075869065,False,104000.0,28360.944545647915,0.9247928946014168,-0.14006086798483608,False,0.0037762746201965266,False,104000.0,32446.545217349692,0.8083449200617964,-0.2535884248045832,False,0.0013837235110311602,False,186000.0,34345.623252880054,0.7636489752096913,-0.30010625941463687,False,0.00015694587024542137,False,124500.0,34142.61148223739,0.7681896276049374,-0.30454065988828205,False,0.0002616269229672089,False,145000.0,34138.44797369928,0.7682833156389067,-0.30441870781031355,False,0.0002672029476254013,False,92347.17104492159,34112.31077652877,0.7688719820776952,-0.3247062002937575,False,0.003793860764219858,False
c41f626b-5ae4-4264-aa9e-a19277cb4068,Eyes Cut Deeper - Mport Remix,Subtronics,dubstep,alternate_version,True,1,16077,2900000.0,True,2,primary:Subtronics|remixer:Mport,2900000.0,127588.1180878819,0.12600703138301847,-2.112239563480804,True,0.05388844848580312,False,2900000.0,152886.1193384265,0.10515670140342948,-2.314179050737991,True,0.07773538137762742,True,2900000.0,123762.52514429337,0.12990200370634006,-2.081796924953732,True,0.04772241190902259,False,2967000.0,111227.65062359675,0.14454139694459475,-1.9646485358974388,True,0.046426216829042986,False,2916750.0,122247.70540965065,0.1315116708827062,-2.069481673863052,True,0.05095681123015072,False,2933500.0,122832.90305103062,0.13088512605877964,-2.0742572353178943,True,0.04903229825728429,False,440794.73681068403,99883.55270221028,0.16095743057850043,-1.888490759022,True,0.029797328297791404,False
442224b9-5178-45dc-bd78-7106fd6e3dc2,Satisfy,Pretty Girl,house,album_track,False,0,6592,204000.0,False,1,primary:Pretty Girl,204000.0,32635.819438109374,0.20198665495441537,-1.750376538079978,True,0.0430256413750015,False,204000.0,29103.290912335928,0.22650359438237508,-1.6475133944448785,True,0.04583434982259663,False,204000.0,33639.43386408986,0.19596049168464066,-1.7806651028423257,True,0.042526514805076174,False,204000.0,34738.30277768013,0.1897617175539001,-1.8012481793567936,True,0.04236654348768388,False,204000.0,34047.938160667596,0.19360937419744031,-1.7927355746051514,True,0.04268968506735742,False,204000.0,33630.020456459075,0.19601534315254698,-1.7803852311594852,True,0.04252897238433072,False,204000.00000000006,32263.18908467423,0.2043195414656437,-1.750589060395324,True,0.043620783850858505,False
9cd4d4f1-ff5c-42ca-9ddc-bedd621b0c3e,Body Step,Pretty Girl,house,focus_track,False,1,34039,204000.0,False,1,primary:Pretty Girl,204000.0,76653.83126648211,0.44406130049345616,-0.8843633547402785,False,0.006204699828099095,False,204000.0,55015.95223718134,0.6187114576014824,-0.678567196508304,False,0.0023368836500493356,False,204000.0,92448.80351742184,0.36819297497544573,-0.9599273765833054,True,0.005863287065024361,False,204000.0,102281.01912740983,0.33279879581174454,-1.0514270242263315,True,0.005669046655343187,False,204000.0,94820.73218589684,0.3589826740977517,-0.9852604400713556,True,0.005916207879761382,False,204000.0,93163.94868683192,0.3653666517981239,-0.9676331909701421,True,0.005777417604953424,False,204000.00000000006,77496.1589134692,0.43923467275335965,-0.802918819357652,True,0.002906544938495534,False
753c1cbc-c4ec-438a-8381-e286f7d77643,Merida,Rhye,downtempo,album_track,False,1,51509,2679000.0,False,1,primary:Rhye,2679000.0,110409.45575489163,0.4665270709634661,-0.9132621201805904,False,0.00914029714092472,False,2679000.0,124781.73212780432,0.412792795240599,-1.047328447854893,False,0.016322484699056273,False,2679000.0,114125.78569936943,0.4513353374467467,-0.946367563493931,False,0.010078201341196722,False,2679000.0,110283.62470799654,0.46705936748436544,-0.900560971492288,False,0.010255128501642435,False,2679000.0,112423.77297524479,0.45816822044695166,-0.9313417584860044,False,0.009828744136671404,False,2679000.0,113401.95391820007,0.45421615960122563,-0.9400049615160508,False,0.010102973701443089,False,2678999.999999999,120851.2264885291,0.4262182643623324,-1.0153226357628533,False,0.015216573775805712,False
03cdf258-6b2e-42c9-8250-4ad3041506f1,Bass Cannon (Flux's Version) - Crankdat Remix,Crankdat,dubstep,alternate_version,True,1,226684,1202000.0,True,2,primary:Crankdat|original:Flux Pavilion,1202000.0,109644.40237608169,2.067447084279515,0.6854925590072263,False,0.008807612599425706,False,1690000.0,129735.73107639648,1.7472750037267246,0.49618202988612836,False,0.00756382509995874,False,1690000.0,113788.53816064203,1.9921514386622734,0.648393185177353,False,0.008200663454170715,False,2892000.0,110936.75722288415,2.0433624136368698,0.6841374854902149,False,0.006852608251946679,False,1624500.0,112635.00034425095,2.0125538181486786,0.6585824773699986,False,0.008039534688703442,False,2047000.0,116373.11480345187,1.9479069575722663,0.6259334465061457,False,0.00750077791914637,False,1425264.8876612387,132898.82049250838,1.705688576918396,0.4720934829190746,False,0.00795441492842658,False
d819dfc2-2d0e-490c-a4f7-576b3ea542b0,Steppin,Boogie T,melodic-bass,single,False,0,55828,300000.0,False,1,primary:Boogie T,300000.0,40552.70337756441,1.376677640457543,0.3196730895497275,False,0.004040358362080156,False,300000.0,38499.281247776365,1.450104993926984,0.3716359634158515,False,0.00577759036494684,False,300000.0,41534.8197816083,1.3441252494544529,0.2957434293172678,False,0.004940285487861934,False,300000.0,41535.61304795691,1.344099578728768,0.29572433067238,False,0.005374471751112833,False,300000.0,41785.865706647135,1.3360498593455992,0.28971739428754617,False,0.004558229199339563,False,300000.0,41435.80021368933,1.347337319711177,0.2981302890257993,False,0.004903090084430826,False,299999.9999999999,41691.531022356336,1.3390729155535985,0.2919775204568733,False,0.0054076078174012275,False
19feb499-caaa-436c-9010-ecdc4ef57d0a,Love Is The Dance,Âme,house,focus_track,True,1,105276,473000.0,False,1,primary:Âme,473000.0,90467.75057262175,1.1636853943382965,0.07902134016415374,False,0.002051486338586335,False,473000.0,76839.7056914635,1.3700729206683522,0.11641302646492235,False,0.004354535531897392,False,473000.0,101113.28680238631,1.0411688051022336,0.07956464631855908,False,0.00318553470391218,False,473000.0,99784.96125839006,1.0550287204841526,0.1023581539346452,False,0.0038384240670538278,False,473000.0,102672.17172601845,1.0253606038540792,0.06426507251163116,False,0.002747508833408087,False,473000.0,101178.30928893534,1.040499695437318,0.07892178729678356,False,0.0032143997626049884,False,472999.9999999997,110260.23784443707,0.9547956911586823,-0.026455270052283097,False,0.003451604503546345,False
6d761fa4-d938-4a94-84d8-73953432b604,Last Forever (Club Mix),Bob Moses,house,lead_single,False,1,92691,2000000.0,False,1,primary:Bob Moses,2000000.0,122084.94008973513,0.759233693622408,-0.27544565224126494,True,0.0002982801878480776,False,2000000.0,134317.40248259238,0.6900892831962918,-0.3709342938251101,True,0.0011952327038662182,False,2000000.0,126803.91744534364,0.7309789939254254,-0.31337055572537764,True,0.00039026082516300484,False,2000000.0,123029.10251177702,0.7534071053727073,-0.28314955269260444,True,0.00040717440005259343,False,2000000.0,125486.38340606105,0.7386538482032863,-0.30292587344905364,True,0.00036079110571892055,False,2000000.0,126201.04566326368,0.734470934950278,-0.30860485535568927,True,0.0003885625665900625,False,1999999.9999999993,132415.9290738656,0.6999988645497035,-0.3566765660119007,True,0.0010087216449623563,False
fc29b252-3e12-4161-81fb-cb0a61efdd2d,For The Girls,Hayden James,house,single,True,1,88782,2658000.0,False,1,primary:Hayden James,2658000.0,130926.1954642562,0.6781072319804643,-0.3884498442843771,False,0.0006991917964861768,False,2658000.0,158391.9766282822,0.5605208160786803,-0.5788888987497582,False,0.002426616387398338,False,2658000.0,127183.11096057807,0.6980643839378882,-0.35944393987497314,False,0.0004489804981333478,False,2658000.0,113385.04861945909,0.7830132903851247,-0.24460560946345034,False,0.00036660381833440736,False,2658000.0,125696.76847543273,0.7063188741988409,-0.3476884802868394,False,0.0005707198296044984,False,2658000.0,126070.31417786611,0.7042260549516999,-0.35065587358225336,False,0.00048395585318605083,False,2657999.999999998,164535.2956690529,0.5395924299341617,-0.6169411837792609,False,0.0024020550686723913,False
9152aade-80de-4330-aca1-272ed1dca802,Psychedelic Symphony,Big Gigantic,dubstep,single,False,0,78512,876000.0,False,1,primary:Big Gigantic,876000.0,48764.985555552375,1.6100076541714599,0.47623893312883503,False,0.006494135463359607,False,876000.0,53328.91962378819,1.4722218367420012,0.3867727132603562,False,0.004267986050076512,False,876000.0,49071.26619567471,1.5999587148806909,0.46997782571325963,False,0.0068118858232103065,False,876000.0,46346.911306153765,1.6940071687058784,0.527096828042561,False,0.006946628019697015,False,876000.0,48545.664995487,1.6172813784155349,0.4807465780820923,False,0.00659060562763908,False,876000.0,48668.52008104985,1.6131988371384722,0.47821906317530427,False,0.006710145972038451,False,875999.9999999993,54112.824822552786,1.450894501579934,0.37218026387068726,False,0.0046050165463209876,False
acad0151-eeb9-4105-a3d8-eb20a323653e,Freak No More,AC Slater,melodic-bass,single,False,0,64150,537000.0,False,1,primary:AC Slater,537000.0,44826.37192088224,1.4310772264421405,0.35842746588415686,False,0.0040930788406433345,False,537000.0,45955.5845745248,1.3959130450396047,0.333548713746584,False,0.00379504183757529,False,537000.0,45473.355497585995,1.4107162160796662,0.34409753009120614,False,0.004625955571786045,False,537000.0,44084.19097059413,1.4551701775085437,0.3751228542710834,False,0.00486670886469822,False,537000.0,45332.65383757379,1.4150947400928364,0.3471964829830867,False,0.004358085396175072,False,537000.0,45220.878115002364,1.4185925323444295,0.34966520566966075,False,0.004558490710455661,False,536999.9999999995,48037.50183351225,1.3354149893624825,0.2892420970023313,False,0.0038028561221425056,False
014cb496-a6b7-4808-b802-9b2e2ae58197,Its Called Freefall (Griz Remix),Griz,dubstep,alternate_version,True,0,419766,1127000.0,True,2,primary:Griz|original:Rainbow Kitten Surprise,1127000.0,49924.808870215245,8.407964086376886,2.0883573676819154,True,0.14889916125549096,True,6000000.0,97325.8837417201,4.312994486789966,1.3997570356694933,True,0.1412045556831875,True,6000000.0,60982.26677339313,6.8834109030388815,1.888292305361798,True,0.19266553922655208,True,7127000.0,49868.19972811197,8.417508598437879,2.0998546860633045,True,0.19360397661613585,True,2627000.0,52312.42063620303,8.024212890456443,2.04164158749934,True,0.16542234872075395,True,4127000.0,56439.97397320006,7.437388263136365,1.9656977527947905,True,0.17759981264322902,True,2600384.586940943,76856.2524984271,5.461702676806818,1.6358851829940182,True,0.15381644054139634,True
d8f0f831-841f-4743-8ddb-4a413ab68512,Telekinesis,Zingara,dubstep,single,False,0,65122,303000.0,False,1,primary:Zingara,303000.0,40622.20386643086,1.603113415858147,0.47194762337546514,False,0.006930507244827757,False,303000.0,38615.94194618405,1.6864019552016967,0.5225972387580295,False,0.009505151690824483,False,303000.0,41599.17797831432,1.5654636260829033,0.44818202681806873,False,0.008128505903766618,False,303000.0,41577.906906570075,1.5662645102923525,0.4486934915378864,False,0.008704061358020163,False,303000.0,41844.086795942814,1.5563011404114142,0.44231194199949897,False,0.007621428053963118,False,303000.0,41497.74903440627,1.569289937774856,0.4506232481225627,False,0.008079948627388896,False,303000.0000000001,41792.60705178297,1.5582181776626385,0.44354297465496906,False,0.008887707295731177,False
cb8923f0-5d68-4ee9-82c0-21beb068c216,Ultra Love RYOS Remix,KSHMR,big-room,alternate_version,True,1,146763,4300000.0,True,2,primary:KSHMR|remixer:RYOS,4300000.0,136536.87239269842,1.074896454181914,0.031402340728895695,False,0.00040523640721237017,False,4300000.0,172339.92217781945,0.8515902650145721,-0.22252518115233144,False,0.00016160631548371596,False,4300000.0,131585.55776738553,1.11534276625893,0.0683397768350602,False,0.0005288308313556694,False,4650000.0,116458.59724892497,1.260216106555884,0.20082401191157118,False,0.0004788282895899554,False,4387500.0,129435.32657018358,1.1338712845169117,0.08481569862603422,False,0.000418567725196204,False,4475000.0,130873.39470277111,1.121412035909331,0.07376664306103464,False,0.00043874327097894806,False,1226784.4146385298,128136.30225784995,1.1453662811704006,0.07384907835091958,False,0.002198338690165247,False
8988c2a1-11fb-4d6c-abbd-7822e3189a3c,Hold On,Rhye,downtempo,lead_single,False,2,246709,2690000.0,False,1,primary:Rhye,2690000.0,279041.57397232373,0.8841299039707589,-0.12315127694744987,True,0.00012770678178298262,False,2690000.0,288021.43423456344,0.8565647228847602,-0.1548253973657321,True,2.5878240940508212e-05,False,2690000.0,301772.7103882488,0.8175325054495285,-0.20146461498344514,True,1.4912717976341252e-06,False,2690000.0,309378.5504670511,0.7974340807646734,-0.22635610508781667,True,1.1167136624970794e-06,False,2690000.0,301221.74411590025,0.8190278584439591,-0.19963718051348245,True,3.6273662351134934e-05,False,2690000.0,302256.14407688525,0.8162249298636072,-0.20306531265967465,True,8.349202454332664e-06,False,2690000.0,284876.63938373217,0.8660204660294384,-0.1438467378705024,True,1.937587502541512e-05,False
cc49328f-6d0c-4445-85ff-ce848650d680,Ankaa,CloZee,melodic-bass,single,True,1,149552,500000.0,False,1,primary:CloZee,500000.0,98210.91708275744,1.5227635016785352,0.42052677733677335,False,0.007007945840753686,False,500000.0,95302.14700805789,1.5692406172901354,0.4505918190930469,False,0.01129479105667468,False,500000.0,98067.76965532431,1.5249862470169933,0.421985391669196,False,0.009391726935883063,False,500000.0,95574.42430315724,1.5647700845743902,0.4477389023845788,False,0.01069101495809361,False,500000.0,99493.1002225907,1.5031394103250892,0.4075558611766965,False,0.008480142266653891,False,500000.0,98101.07683913758,1.5244684851444565,0.42164581497566367,False,0.009435806486159092,False,499999.9999999997,109568.50097186849,1.364917824680263,0.3110942251252862,False,0.00956525387787472,False
a0825241-32a2-4574-8f6e-339fcbe9df0c,beautiful colors,big gigantic,dubstep,single,True,2,127667,877000.0,False,1,primary:big gigantic,877000.0,234968.66874409906,0.5433362698200426,-0.6100268692872781,False,0.0020129782540503423,False,877000.0,221542.47253903744,0.5762642193925326,-0.5511890092403053,False,0.00022719574659819258,False,877000.0,243229.21895319593,0.5248834845971638,-0.6445789751221707,False,0.001725649321584515,False,877000.0,246955.02522722105,0.5169645763739157,-0.6597809244731501,False,0.0015018610222838418,False,877000.0,247866.38783054845,0.515063785442657,-0.6634645307593665,False,0.001730536528974173,False,877000.0,244510.8611388607,0.5221322251509162,-0.6498344182889522,False,0.001603145967591823,False,877000.0000000006,251456.41297719945,0.5077102567735112,-0.6778443548032485,False,0.0006066735297059514,False
f9ced8aa-e3c2-4289-aa4e-de9d50b84c4c,Crossroads City,Gramatik,melodic-bass,single,True,1,43480,814000.0,False,1,primary:Gramatik,814000.0,106803.04239531573,0.4071045077448748,-0.8986853507148691,False,0.004520827363058796,False,814000.0,110525.1172160028,0.3933947422559673,-0.9329417379971012,True,0.004735116846534853,False,814000.0,105793.83063293662,0.4109880485456535,-0.8891911438730506,False,0.004028944663031925,False,814000.0,100459.28271579396,0.43281216851814314,-0.8374514360453311,False,0.0038203784474852157,False,814000.0,106514.75598393477,0.4082063522406035,-0.8959824671385377,False,0.0042124356493091295,False,814000.0,105548.35967746859,0.4119438722957405,-0.8868681712049646,False,0.004035407759708111,False,813999.9999999995,123365.1455816606,0.352449630687776,-1.0428475586056845,True,0.004784026300843346,False
a169f11f-18fc-4cef-bd90-1357ea679867,OBSESSED,BORGORE,house,focus_track,False,1,47365,630000.0,False,1,primary:BORGORE,630000.0,93069.78463932226,0.5089191963165686,-0.7480367177377616,False,0.0027427467411025603,False,630000.0,77516.85301133156,0.6110284171762764,-0.6910627503257629,False,0.0026126152171968347,False,630000.0,110179.71983383167,0.4298885500111442,-0.8050085767563449,False,0.0027678411804293664,False,630000.0,114784.56190296108,0.4126425994468001,-0.8363832731483303,False,0.002733608151098565,False,630000.0,111026.97510302541,0.4266080378759174,-0.8126689182534097,False,0.002731878844514025,False,630000.0,110350.12360022662,0.42922471180542227,-0.8065539802958899,False,0.0027295916085253564,False,629999.9999999999,101965.37465284673,0.46452043314958424,-0.7469471048418068,False,0.002539038551486928,False
db228801-1892-4dc7-8bc2-d440f8b4498d,Fatal,RHYE,downtempo,focus_track,False,1,200290,2700000.0,False,1,primary:RHYE,2700000.0,119556.81484747733,1.6752704582797453,0.44340392703739795,False,0.003793658422433251,False,2700000.0,120663.81773988952,1.6599010685353721,0.3083070646007773,False,0.001928106089577718,False,2700000.0,138180.36193722632,1.449482380795828,0.41042722709218005,False,0.0035723517772025333,False,2700000.0,133207.2678293172,1.5035966375095846,0.45665016058164376,False,0.003496663417824354,False,2700000.0,136102.9549134131,1.4716065505515428,0.42557540870440214,False,0.0036312606510717823,False,2700000.0,137298.10928435158,1.458796490672635,0.41683248747666823,False,0.003555127905760469,False,2700000.0000000005,145297.29564473103,1.378484018654639,0.34078698542424846,False,0.00218577603108827,False
e8c58708-8cbb-41bb-97c8-2af77b48a284,Fara,O'Flynn,house,focus_track,False,1,124086,254000.0,False,1,primary:O'Flynn,254000.0,79600.8230957399,1.5588532275697142,0.37137974756813996,False,0.006829669135945931,False,254000.0,58808.13721033811,2.110014121960429,0.5482437016139805,False,0.013944974772248315,False,254000.0,95656.66727500533,1.2972017898476704,0.29943018838108415,False,0.00707050178721741,False,254000.0,104600.2282450122,1.1862880424060354,0.2196193040648975,False,0.0074802433149365605,False,254000.0,97774.39624999082,1.2691052541274235,0.277532841020788,False,0.007278594252056502,False,254000.0,96281.24852193329,1.2887867773311297,0.2929220063064868,False,0.0074396403633708785,False,253999.99999999994,81742.56411162607,1.5180096360881286,0.43720265413361226,False,0.012934220416844076,False
14af625a-751e-417f-9a75-01f70f8b11ba,Your loving,Duke Dumot,house,album_track,False,1,569707,4100000.0,False,1,primary:Duke Dumot,4100000.0,118798.4129099046,4.795577533784559,1.4168712563498946,False,0.038970422580227634,False,4100000.0,142019.18328683078,4.011479201717308,1.2266411220355966,False,0.03144121443070218,False,4100000.0,121938.5244105934,4.672083763140131,1.3907822843849331,False,0.03895522896194088,False,4100000.0,115189.75076950816,4.945813288023946,1.4592793509569137,False,0.038636253207190614,False,4100000.0,119321.5237258879,4.774553510637048,1.4124775742004374,False,0.039042422087540114,False,4100000.0,120883.77518304995,4.712849173822651,1.3994697555355096,False,0.0389104495231771,False,4099999.9999999977,134037.2249556506,4.2503640327416585,1.2844857045331342,False,0.03370248768192967,False
59d045b2-c9ed-45bb-ae34-9b3c2a0cd90f,Higher Ground,Bob Moses,downtempo,album_track,False,2,64121,2000000.0,False,1,primary:Bob Moses,2000000.0,228042.2897489762,0.2811803024368109,-1.4195820594669506,True,0.040663083368411936,False,2000000.0,223718.97321267045,0.286614045644871,-1.412137686453919,True,0.04830016269185629,False,2000000.0,247827.13173932143,0.25873276888603985,-1.5027824200317408,True,0.04442074023656951,False,2000000.0,261122.0295359225,0.24555951910284493,-1.5434779881275258,True,0.045405775353284286,False,2000000.0,248526.47103017665,0.2580047096561166,-1.505600329480643,True,0.04249105104907411,False,2000000.0,248626.41771369125,0.2579009929421069,-1.5060024057317278,True,0.04371854884832777,False,1999999.9999999993,225294.60682894546,0.28460956479390453,-1.4191559155396138,True,0.04554758767030073,False
002c00c4-803d-4ce6-a3fd-9f35e2e2ba80,Freaks,Joshwa,house,album_track,False,1,71982,2000000.0,False,1,primary:Joshwa,2000000.0,104993.04847717221,0.6855882464985333,-0.5283009449603018,False,0.0019406108959779892,False,2000000.0,114169.79211020352,0.6304820099043245,-0.623789586544147,False,0.004093308331081156,False,2000000.0,109051.36900299553,0.6600742444418348,-0.5662258484444145,False,0.002205445566390582,False,2000000.0,107035.319185246,0.6725069869266309,-0.5360048454116413,False,0.0022482326580067357,False,2000000.0,107918.2897292125,0.6670046400903547,-0.5557811661680905,False,0.0021222206631586367,False,2000000.0,108532.89927040676,0.6632274682044456,-0.5614601480747261,False,0.0021989543725062276,False,1999999.9999999993,112553.53971278577,0.6395356395159472,-0.6095318587309375,False,0.0036696784981078306,False
7452a9ac-7a07-43ca-a2f5-6a180bc6238e,Movement,Crankdat,dubstep,single,False,2,468885,1070000.0,False,1,primary:Crankdat,1070000.0,238105.27713862646,1.9692339692539114,0.6776446190344121,False,0.028429785368899525,False,1070000.0,217612.44353760796,2.1546791735692583,0.767641837098779,False,0.042133533045240285,False,1070000.0,261445.6694635965,1.7934318857221967,0.5841310388592991,False,0.02457835751724984,False,1070000.0,281539.80774963845,1.6654305611267581,0.5100836852737398,False,0.024164233308364848,False,1070000.0,264766.31451530854,1.7709390292279403,0.5715099308946474,False,0.0267656459387514,False,1070000.0,263186.7118356373,1.7815679094498638,0.5774938245905954,False,0.025685512888189505,False,1069999.9999999995,227628.12404832296,2.0598728824056067,0.7226442733274059,False,0.03776907518018677,False
d81bd447-4dd9-47a6-ae1a-25e25a7833b8,Ashiko,O'Flynn,house,lead_single,False,1,47407,786000.0,False,1,primary:O'Flynn,786000.0,103958.64866809774,0.45601785524697763,-0.785223313990965,False,0.003170698111709877,False,786000.0,101110.94776122886,0.4688611970283428,-0.7574485095026784,False,0.0035564408212613993,False,786000.0,109652.6077058227,0.43233809931072553,-0.8385473595455473,False,0.0032498976789305323,False,786000.0,111820.54807526467,0.42395606904100563,-0.8581254398704896,False,0.003227899629105914,False,786000.0,110113.33796982968,0.4305291336549002,-0.842740283409011,False,0.0031963257497740305,False,786000.0,109689.53621688418,0.4321925466642896,-0.8388840801661264,False,0.003210797284257653,False,786000.0000000006,105495.61293531096,0.4493741368095523,-0.7998994713775396,False,0.0033473434157294765,False
d1007c54-44c1-4864-bb54-f06eb508a75e,Bass Down Low,KSHMR,big-room,alternate_version,True,1,111467,4337000.0,False,1,primary:KSHMR,4337000.0,136738.33769416984,0.8151846942099594,-0.24516256727313213,False,0.0002866162498050015,False,4337000.0,172789.49541679345,0.6451028734769167,-0.5002208848595675,False,0.0028925157060669666,False,4337000.0,131761.10216495936,0.8459780479101336,-0.20808386232959464,False,0.00014931316919021879,False,4337000.0,115631.49691011987,0.9639847531044511,-0.06713900826306762,False,0.0001097185450519304,False,4337000.0,129225.81992354547,0.8625752969951964,-0.18865482754337926,False,0.00022897479148976339,False,4337000.0,130259.35564849999,0.8557312405320777,-0.1966209180010008,False,0.0001802147850553905,False,4337000.000000002,174233.70914092424,0.6397556508990055,-0.5085443747192571,False,0.0027925838359376728,False
f4b1e800-ba7e-4175-9b8a-7a8c96346890,Bromance is Dead,Zomboy,dubstep,single,False,1,84712,543000.0,False,1,primary:Zomboy,543000.0,97548.11264445445,0.8684124961880113,-0.1410884511828563,False,6.615093459980683e-05,False,543000.0,90356.04595217465,0.9375354920337922,-0.0645006636847949,False,0.0003309834412189437,False,543000.0,103520.31849235983,0.8183127837483619,-0.20051063924605472,False,6.646347081812525e-05,False,543000.0,107669.53668236588,0.7867777888736297,-0.23980942256367754,False,7.889709165522584e-05,False,543000.0,104559.61648866753,0.8101789471385574,-0.2105001333221299,False,7.456340446284205e-05,False,543000.0,103764.63547273922,0.8163860414876639,-0.20286794583143752,False,7.78999952068299e-05,False,543000.0000000002,96415.39014609192,0.8786149168886986,-0.12940856956421065,False,0.00026698219705869,False
5ec3f0bc-0cd3-4dcb-b9cd-5433b27b134d,Close Your Mouth,Rhye,downtempo,lead_single,False,1,195298,2730000.0,False,1,primary:Rhye,2730000.0,128800.40637344976,1.5162840358883969,0.4162626284361526,True,0.0034277454330615847,False,2730000.0,147646.24910417147,1.3227427122934086,0.27970739327523475,True,0.0016201501596715205,False,2730000.0,133094.3767335389,1.4673647737274103,0.38346812109943684,True,0.00320798446483209,False,2730000.0,127007.52698507614,1.5376883924599858,0.4302802448734351,True,0.003134370978518059,False,2730000.0,131070.73140144686,1.490019914528715,0.3987894853235652,True,0.003266157635198217,False,2730000.0,132236.61386092534,1.4768829471495466,0.3899337500022284,True,0.0031911971859025804,False,2730000.0,142831.8897905308,1.3673277045232197,0.3128582543401741,True,0.0018652664590147962,False
1825a25b-0767-45ee-8b92-031a2129802d,Eyes Cut Deeper,Subtronics,dubstep,single,True,2,744126,3630000.0,False,1,primary:Subtronics,3630000.0,300036.590564032,2.4801175036722496,0.9083059395674731,False,0.030292748282968754,False,3630000.0,341225.52491290425,2.1807454181217354,0.779666753272803,False,0.032966332008064314,False,3630000.0,303394.9062643894,2.4526647766180405,0.8971750974045154,False,0.030474630526907673,False,3630000.0,285572.37802846916,2.6057352084865046,0.9577148651313063,False,0.0309200608312801,False,3630000.0,302371.93272289523,2.460962541394159,0.9005525504048872,False,0.03050008329619979,False,3630000.0,302635.8338651646,2.4588165601418353,0.8996801610784004,False,0.030670495094534386,False,3630000.000000002,355294.8870379009,2.094389835451307,0.7392622629585635,False,0.029678391658034577,False
6f456ebf-5c83-4397-b00b-2a24d4da77f2,Foreva,Caleb Jackson,house,single,False,1,10308,48000.0,False,1,primary:Caleb Jackson,48000.0,64255.56087716482,0.16042191304975853,-1.8299479778572731,True,0.10515437704892923,True,48000.0,43211.45991059519,0.23854783016651884,-1.4331854429887887,True,0.049565899552511256,False,48000.0,70972.28676993566,0.14523978962964088,-1.929369180869708,True,0.10040549537012193,True,48000.0,84010.395425544,0.12269910107893355,-2.0980202534621686,True,0.09912432493434148,True,48000.0,74462.81742232724,0.13843150658048037,-1.9773796130037091,True,0.10311917631281305,True,48000.0,72088.91111292143,0.14299009155310108,-1.9449799409613355,True,0.10138253635175744,True,47999.99999999998,53426.854790268655,0.19293668026060806,-1.6453932254590313,True,0.06311763754555157,False
55c97458-59cb-48ec-b2bf-2e55b5c5a9d3,Fresh Baked Bread,Eazy Baked,dubstep,single,True,0,83040,101000.0,True,2,primary:Eazy Baked|collaborator:Daily Bread,101000.0,34336.973185730545,2.418384391391523,0.8830997103568929,False,0.05242545651548782,False,101000.0,29903.875570839056,2.7768975898554418,1.0213343296667787,True,0.09157045814109084,True,250000.0,38740.69621809806,2.1434823869067983,0.7624317900437347,False,0.03533569241033362,False,351000.0,37784.03872752283,2.1977534111384345,0.7874356618527969,False,0.030348426590101767,False,163500.0,36947.580379078834,2.2475084741143294,0.8098222578189684,False,0.043804298405572886,False,226000.0,38011.10703799457,2.184624612932113,0.7814440119261903,False,0.03767417902767139,False,158902.4858207072,41413.63385938084,2.0051367692572124,0.6957122725254301,False,0.05173035121733568,False
500292f3-3a9b-481d-8c44-9ed9d642d791,Hustle,Zen Selekta,melodic-bass,single,False,0,12922,17000.0,False,1,primary:Zen Selekta,17000.0,24744.48874703641,0.5222172958229997,-0.6496715021951278,True,0.0038252112653393232,False,17000.0,16083.247678017551,0.8034446934285344,-0.2188469282476131,True,0.006359919406100439,False,17000.0,26572.135980342926,0.48629888126265847,-0.7209318620836616,True,0.0016818910734196476,False,17000.0,30967.68910686106,0.4172736285038802,-0.8740130889150279,True,0.0009099697501254487,False,17000.0,27962.916738496282,0.4621120221772289,-0.7719479450469571,True,0.002155937507386149,False,17000.0,26927.795804496393,0.47987589083850263,-0.7342277692659138,True,0.001457329536454053,False,17000.00000000001,20733.19635006392,0.62325170619243,-0.47280481900912363,True,0.004069378638184577,False
5262a673-1e75-434a-a410-64153311fc64,Is it over Now?,Elderbrook,downtempo,single,False,2,515951,8640000.0,False,1,primary:Elderbrook,8640000.0,341097.1543614605,1.5126218246114331,0.4138444528769103,False,0.009030863613914041,False,8640000.0,410692.7852240385,1.256294287513577,0.2281663459460006,False,0.003169649017663974,False,8640000.0,361854.1271960945,1.425853572537527,0.3547706326647049,False,0.007119785596189757,False,8640000.0,348596.2002813912,1.4800821110026956,0.392097566644269,False,0.006545047242076394,False,8640000.0,354647.97200947936,1.4548257447421953,0.3748861303875035,False,0.007832207353712874,False,8640000.0,360130.6766860285,1.4326771735966826,0.35954484335268866,False,0.007204240722067785,False,8639999.999999996,378424.1227413089,1.3634199539459715,0.3099962152699707,False,0.0036721986554773493,False
f943607f-0f5f-42fb-a138-fd5907ad7b80,Khoye Yahaan Reimagined,KSHMR,big-room,alternate_version,False,0,98312,4500000.0,False,1,primary:KSHMR,4500000.0,62042.028492777135,1.5846032502216683,0.4195120661573206,True,0.006880885850953601,False,4500000.0,82451.31330036178,1.1923642700736536,0.11406271393958889,True,0.00017384084726604433,False,4500000.0,60769.65990986253,1.6177809806048393,0.44023345067958,True,0.006453269715416203,False,4500000.0,53147.767921800325,1.8497860558255743,0.5846107794183784,True,0.006203608150936075,False,4500000.0,58596.43007061781,1.677781391827433,0.47665032603141455,True,0.0062550666992491075,False,4500000.0,59734.45037007395,1.64581743685471,0.4574151883723072,True,0.006099401022505117,False,4500000.0,75749.7418453541,1.2978526078769692,0.19883565486266086,True,9.07561365809389e-06,False
9760bc2d-7cd0-4352-934e-fb775efa681a,KOOLAID MAN,LSDREAM,melodic-bass,single,False,1,74971,400000.0,False,1,primary:LSDREAM,400000.0,92549.80633943186,0.8100611223867876,-0.21064557442582021,False,1.6472187429946598e-05,False,400000.0,82336.93051494872,0.9105391654889128,-0.09371836537561862,False,0.000418441767053121,False,400000.0,98712.21385773376,0.7594906148903708,-0.2751073139806941,False,2.1189157919372152e-05,False,400000.0,104355.65334274185,0.7184181939215887,-0.33070343670015134,False,3.1910858798488396e-05,False,400000.0,100181.99781626045,0.7483480229402205,-0.28988713790233867,False,2.5804657249446916e-05,False,400000.0,99110.54271779403,0.7564381946073222,-0.27913444822238276,False,3.0031668888015256e-05,False,400000.0000000002,89504.26101007021,0.8376249259414023,-0.17718486110378606,False,0.00031633366065678717,False
fa462427-e169-4f27-8642-fa43949bbc2c,leave like this,bob moses,downtempo,lead_single,False,2,135101,2000000.0,False,1,primary:bob moses,2000000.0,265165.45319648396,0.5094969890360944,-0.6743313359813836,True,0.005896507407647531,False,2000000.0,263198.7920149064,0.513304027597317,-0.666886962968352,True,0.006822160525296405,False,2000000.0,288171.0834178156,0.4688221954737865,-0.7575316965461738,True,0.00740438853452355,False,2000000.0,300140.2638343937,0.4501262119051902,-0.7982272646419588,True,0.007761498979865293,False,2000000.0,288984.2686397403,0.4675029566001133,-0.7603496059950761,True,0.006618189860686765,False,2000000.0,289100.4857135945,0.4673150225483938,-0.7607516822461609,True,0.007097134855047397,False,1999999.9999999993,265052.4786222888,0.5097141543525225,-0.6739051920540469,True,0.006610336867135938,False
b78f3cf3-aded-4651-b6ee-398984d18c04,Lets Get Ill,Joshwa,house,single,False,1,99007,2000000.0,False,1,primary:Joshwa,2000000.0,122084.94008973513,0.8109681663211504,-0.2095264780154782,False,0.00010586052826807108,False,2000000.0,134317.40248259238,0.7371122294658086,-0.30501511959932337,False,0.0007239220938995845,False,2000000.0,126803.91744534364,0.7807881806386229,-0.2474513814995909,False,0.0001603297251795992,False,2000000.0,123029.10251177702,0.8047445521316593,-0.2172303784668177,False,0.00017103164334144588,False,2000000.0,125486.38340606105,0.7889860024065202,-0.2370066992232669,False,0.00014248183708754055,False,2000000.0,126201.04566326368,0.7845180638532563,-0.24268568112990252,False,0.00015941386156233397,False,1999999.9999999993,132415.9290738656,0.7476970534622832,-0.29075739178611393,False,0.0005879500349600397,False
5d01b98b-fcd5-4847-b4e3-dbc34504d61b,Marathon,Boogie T,dubstep,single,False,0,31482,298000.0,False,1,primary:Boogie T,298000.0,40506.04937180291,0.7772172425661256,-0.2520353762307028,False,0.0001158127713236817,False,298000.0,38421.05568130342,0.819394455507371,-0.19918968041975305,False,3.475777228997967e-05,False,298000.0,41491.61174557471,0.7587557743730626,-0.2760753262610276,False,2.4498689575076275e-05,False,298000.0,41507.205703238425,0.7584707153038671,-0.2764510896351702,False,6.013889801016383e-06,False,298000.0,41746.77283084268,0.7541181716623847,-0.28220619691178506,False,5.381926780576644e-05,False,298000.0,41394.207865077085,0.7605411873712968,-0.273725010470141,False,2.7150047530822088e-05,False,298000.00000000023,41623.72133515112,0.7563475583191919,-0.2792542752211009,False,2.9808911538749907e-05,False
8ab72135-362c-450a-8881-3348ce4401ad,Lotis Eater,Boogie T,dubstep,single,False,0,69925,980000.0,False,1,primary:Boogie T,980000.0,49715.60418013469,1.4065000547240771,0.34110438785575603,False,0.0037287653893204394,False,980000.0,55179.50502803098,1.2672277499495213,0.23683164047266025,False,0.0016411999344400758,False,980000.0,49935.4014150672,1.4003091598038353,0.3366930406735147,False,0.0039927791641906525,False,980000.0,46881.78782559874,1.4915173512606326,0.39979395833485576,False,0.0040951679184518565,False,980000.0,49313.760624011586,1.4179612164064508,0.3492200768236575,False,0.0037999375711652243,False,980000.0,49495.217714422644,1.4127627522208923,0.34554718601044776,False,0.0038967073055237306,False,979999.9999999995,55610.506203532015,1.2574062847778722,0.2290510951870921,False,0.001964292801765889,False
78b3e4d8-58eb-4848-a207-f00119ae2ac3,Need your love,Cedric Gervais,house,single,True,1,41164,5500000.0,False,1,primary:Cedric Gervais,5500000.0,148379.62641746603,0.2774235317467716,-1.282209945042526,True,0.029416288429874562,False,5500000.0,197588.4909048418,0.20833197222921498,-1.5686224512349547,True,0.05400285175347547,False,5500000.0,142419.69401067193,0.28903306025159314,-1.241214202078119,True,0.02524293909793487,False,5500000.0,122139.78629961496,0.33702367792770377,-1.0876020901848893,False,0.023829236389803093,False,5500000.0,139160.21942644648,0.2958029253594081,-1.2180618391011677,True,0.027664509574693148,False,5500000.0,140613.84659751694,0.29274499628635364,-1.2284533687550656,True,0.0261782073234108,False,5499999.999999997,196386.60548407593,0.2096069632576739,-1.5625211054378685,True,0.05533191379121614,False
c49119e6-b37b-434d-a6c0-040fef4f8b59,On My Mind,Bob Moses,downtempo,lead_single,True,1,242039,2000000.0,False,1,primary:Bob Moses,2000000.0,124672.01737325598,1.9414059794617633,0.6634124422653684,True,0.008459244281915506,False,2000000.0,145268.8903089714,1.6661447573889283,0.5105124291590357,True,0.007868723418592778,False,2000000.0,121677.02851407237,1.9891922325503482,0.6877286430400176,True,0.008878427124162295,False,2000000.0,110134.00677622345,2.197677239617629,0.7874010024408449,True,0.00912970032080558,False,2000000.0,120792.30107328847,2.0037618113852087,0.6950263195644055,True,0.008652228927449988,False,2000000.0,120799.97376920175,2.003634541034217,0.6949628018387592,True,0.008828211416051727,False,1999999.9999999993,153531.99327214214,1.5764727262478468,0.4551898996616668,True,0.007475908780307404,False
b47d846d-5690-4718-b51e-c8203bb55828,One I Want,Hayden James,house,single,True,1,88421,2674000.0,False,1,primary:Hayden James,2674000.0,131061.48699751616,0.6746528062944664,-0.3935570814838627,False,0.000736259060683931,False,2674000.0,158681.28960183304,0.5572238555778576,-0.5847882246802119,False,0.0025183878038561956,False,2674000.0,127301.93687001217,0.6945770203817603,-0.36445222245904496,False,0.00047758566215900904,False,2674000.0,113454.67092145044,0.7793509009533656,-0.24929388401596775,False,0.0003921939925661018,False,2674000.0,125802.37205661835,0.7028563814377478,-0.35260270187196063,False,0.0006037818332634258,False,2674000.0,126183.96301628648,0.700730884388118,-0.3556313680990115,False,0.000514015949298821,False,2674000.0,164775.77308055715,0.5366140807409345,-0.622476100669715,False,0.0024924483138639543,False
b34ab02f-88b1-42eb-a8f1-54faa6358a46,Pull Me Closer,LSDREAM,melodic-bass,single,True,1,160631,403000.0,False,1,primary:LSDREAM,403000.0,94632.6174205418,1.6974168566654482,0.5291075993780812,False,0.010929458700191191,False,403000.0,89252.77735740942,1.799731109282562,0.5876372700113475,False,0.017958307118016218,False,403000.0,94831.31146166935,1.6938603666250758,0.5270101646300365,False,0.014595655578702568,False,403000.0,93489.20678005138,1.7181769482536167,0.5412638149134619,False,0.01658705344603271,False,403000.0,96535.36000856047,1.6639602316265845,0.5092004428505543,False,0.013244167199471812,False,403000.0,94975.36084135575,1.6912912841501453,0.5254923106410843,False,0.014711340191648166,False,403000.0000000001,103966.17389787451,1.545031369123837,0.43504421378361613,False,0.015450413456571065,False
6b964a04-af53-4c4d-86b1-7347d698a705,Rump Shaker,Griz,dubstep,focus_track,True,2,392498,1900000.0,False,1,primary:Griz,1900000.0,249616.45533134797,1.5724043492204351,0.380035187702763,False,0.011007071873858552,False,1900000.0,229807.626755251,1.707941575054935,0.33683794941516965,True,0.014819487069418604,False,1900000.0,285294.49449027574,1.3757643683284546,0.3582301940531707,False,0.011396203939819318,False,1900000.0,280639.41997930367,1.3985847035635464,0.38425096343425125,False,0.0119160684673237,False,1900000.0,287232.15434851125,1.3664835014389272,0.3514613658761334,False,0.011438856022283795,False,1900000.0,285589.00118138443,1.3743456448825742,0.3571984363671721,False,0.011674450235331015,False,1900000.0,309577.69910367194,1.2678497228205043,0.2571249611619564,False,0.01232368066318032,False
d8145143-cffd-4249-8095-4973f906c4f8,Shifting The Lens,Steller,melodic-bass,single,False,0,30241,126000.0,False,1,primary:Steller,126000.0,34928.85368336337,0.8657885046597966,-0.1441146211936104,False,0.00020196479096796556,False,126000.0,29572.84191491365,1.0225936380077627,0.02234218225556006,False,0.002085853144820422,False,126000.0,36290.15450590884,0.8333114149479881,-0.1823478592022738,False,0.0005645476405199245,False,126000.0,38008.95271594353,0.795628341196438,-0.22862311021793147,False,0.0007975316205116011,False,126000.0,37009.28158075757,0.817119347048427,-0.20197011517208452,False,0.00042005418052057955,False,126000.0,36375.629487171165,0.8313533106187287,-0.18470041128351866,False,0.0005802767190357411,False,126000.00000000007,33757.04237284577,0.8958427004945765,-0.10999043890295646,False,0.0017582254469209369,False
b02bf3e7-5d2d-4f87-988c-f871ff664f70,STOMP,Cedric Gervais,house,single,True,1,32561,5590000.0,False,1,primary:Cedric Gervais,5590000.0,148794.66654915735,0.218831768336554,-1.519452025479561,False,0.0429458732649016,False,5590000.0,198566.09172666413,0.1639806661694374,-1.8080067473181654,True,0.07408537801303815,True,5590000.0,142779.8468569039,0.22805039168190958,-1.478188658299441,False,0.037143883817690876,False,5590000.0,122342.72568577577,0.26614577873333845,-1.3237110799688097,False,0.035174155447649375,False,5590000.0,139476.64378204197,0.23345127267962212,-1.4547819059646212,False,0.04048694069143316,False,5590000.0,140956.93276783245,0.23099963485748246,-1.465339149165132,False,0.03842179877941512,False,5590000.0,197163.84924316985,0.16514690763539136,-1.8009198519019876,True,0.07622086860049072,True
e1640e4a-2059-4629-914b-c2bbb585d2db,The Montauk,gramatik,dubstep,single,True,1,47618,825000.0,False,1,primary:gramatik,825000.0,107050.04083740927,0.4448200077973217,-0.8100855554986772,False,0.0033562736341719774,False,825000.0,110977.15537081932,0.42907929871593037,-0.8461135316442636,False,0.0034696334091672853,False,825000.0,106015.02903173394,0.44916273131186235,-0.8003700263632965,False,0.0028964116154038817,False,825000.0,100597.30100131858,0.4733526598231084,-0.747914587276286,False,0.0027013367728951003,False,825000.0,106715.00895752905,0.4462165206672216,-0.8069509724176172,False,0.003068827374126645,False,825000.0,105761.28866007453,0.4502403535668723,-0.797973719771079,False,0.002903149095004273,False,824999.9999999997,123768.78086940556,0.3847335302611089,-0.955204313518264,False,0.0035538923719852515,False
1ab2927f-c9bf-404b-b5a0-65e0fef90553,The Other Side,Level Up,house,single,False,0,59488,430000.0,False,1,primary:Level Up,430000.0,43144.53443247481,1.378807322468718,0.32121886640127073,True,0.003630123542834421,False,430000.0,42953.00160540426,1.3849555974340881,0.3256680795110043,True,0.004008253717987264,False,430000.0,43927.897012022084,1.3542191647307738,0.3032250260374809,True,0.004255929291233764,False,430000.0,43093.53191231727,1.3804391833336074,0.32240169733117696,True,0.004546477190225502,False,430000.0,43944.75802094011,1.353699569164845,0.3028412659446822,True,0.003964251130399853,False,430000.0,43737.06555092066,1.3601278286660863,0.3075786869972603,True,0.004201139421086721,False,430000.0000000002,45508.80384432697,1.3071756445959775,0.26786881321500466,True,0.0038962372435645525,False
2cf739fc-b447-4052-a87a-d58fc0b115ef,Time Machine,Zomboy,dubstep,single,True,1,123642,540000.0,False,1,primary:Zomboy,540000.0,99520.30545669938,1.2423796272791365,0.21702859484211778,False,0.003387777043762106,False,540000.0,97558.68375503067,1.267360272207694,0.23693621151705457,False,0.005910948329551897,False,540000.0,99249.22689272514,1.2457729281220509,0.21975616308490054,False,0.004802887831440238,False,540000.0,96329.72730635742,1.2835290149507157,0.2496133271901897,False,0.005590532036040411,False,540000.0,100570.3477640483,1.2294080983997482,0.206532832747218,False,0.0042508467407795965,False,540000.0,99241.19952284057,1.2458736955466114,0.219837047287065,False,0.0048237593212149535,False,539999.9999999995,111639.91436893931,1.107507119643581,0.10211165148857226,False,0.004846425851334936,False
c688c0c1-ce26-44b9-a3fd-1411352daa0c,When I'm Hot,Griz,dubstep,album_track,True,1,225215,1950000.0,False,1,primary:Griz,1950000.0,106751.80562474359,2.109706704087807,0.59572604528962,False,0.0071338084876070166,False,1950000.0,122531.61280065679,1.838015470884203,0.44616751163870916,False,0.006555115185350981,False,1950000.0,104230.81473174036,2.1607333740951518,0.6196247993799577,False,0.007576870076686922,False,1950000.0,95568.78507089718,2.356574898727921,0.717947183429283,False,0.007830209608918596,False,1950000.0,103514.00716783479,2.1756958904589845,0.6265256732694091,False,0.007344713164400349,False,1950000.0,103493.82739754746,2.1761201190761743,0.626720639516881,False,0.007526816522307237,False,1950000.0000000016,129700.62029569021,1.7364219190822452,0.3893076981567116,False,0.006193191572147892,False
eb7df52a-16fc-4668-8afb-ee132a9ed07e,Work Your Body,Joshwa,house,single,False,1,116036,2000000.0,False,1,primary:Joshwa,2000000.0,122084.94008973513,0.950453019960619,-0.050816544934193075,False,4.252557317158646e-05,False,2000000.0,134317.40248259238,0.8638940141433895,-0.14630518651803825,False,7.136846772790319e-05,False,2000000.0,126803.91744534364,0.9150821389253613,-0.08874144841830578,False,1.9492245453895476e-05,False,2000000.0,123029.10251177702,0.9431589569540458,-0.05852044538553258,False,1.6143911729594143e-05,False,2000000.0,125486.38340606105,0.9246899691460501,-0.07829676614198178,False,2.556719706951855e-05,False,2000000.0,126201.04566326368,0.919453554367635,-0.0839757480486174,False,1.9667604204044825e-05,False,1999999.9999999993,132415.9290738656,0.8762994060576474,-0.1320474587048288,False,3.7942848286504785e-05,False
88620604-3fed-44e0-915c-ffb2ce584aac,World is Mine,Kasbo,house,single,True,2,507176,995000.0,False,1,primary:Kasbo,995000.0,240128.99073371134,2.112098162118325,0.7476818430396559,True,0.035749891219309285,False,995000.0,230211.66059557593,2.20308562428113,0.7898589341920577,True,0.053277950192533646,False,995000.0,248054.11747597886,2.0446183484501685,0.7152111454031065,True,0.03749580800616831,False,995000.0,250164.2866646901,2.027371719448499,0.7067402346967793,True,0.03936068777803716,False,995000.0,252283.6418906834,2.01034040970347,0.6983040657929553,True,0.037692671088258606,False,995000.0,249189.26745835235,2.0353043498744006,0.7106453653897624,True,0.03861013418602985,False,995000.0000000007,259300.99420721424,1.9559354238136948,0.6708685566574619,True,0.04569476427786425,False
